INDEX,TAG,DATE,TIME,LATITUDE N/S,LONGITUDE E/W,HEIGHT,SPEED,HEADING
1,T,251213,142022,59.1157703N,18.1098780E,78,1.1,175
2,T,251213,142023,59.1157674N,18.1098803E,77,2.0,202
3,T,251213,142024,59.1157627N,18.1098823E,77,2.2,181
4,T,251213,142025,59.1157555N,18.1098860E,77,2.4,156
5,T,251213,142026,59.1157490N,18.1098914E,77,2.4,130
6,T,251213,142027,59.1157437N,18.1098957E,77,2.0,102
7,T,251213,142028,59.1157423N,18.1099030E,76,1.4,91
8,T,251213,142043,59.1157546N,18.1100983E,69,1.4,285
9,T,251213,142044,59.1157544N,18.1101150E,69,2.0,307
10,T,251213,142045,59.1157556N,18.1101335E,69,2.4,296
11,T,251213,142047,59.1157584N,18.1101536E,67,1.4,257
12,T,251213,142048,59.1157592N,18.1101589E,68,2.0,252
13,T,251213,142049,59.1157593N,18.1101616E,67,1.6,251
14,T,251213,142051,59.1157587N,18.1101617E,67,1.4,163
15,T,251213,142052,59.1157546N,18.1101576E,67,1.4,208
16,T,251213,142053,59.1157491N,18.1101503E,67,2.4,254
17,T,251213,142054,59.1157424N,18.1101409E,67,2.7,214
18,T,251213,142055,59.1157383N,18.1101340E,67,2.9,229
19,T,251213,142056,59.1157332N,18.1101243E,67,3.1,237
20,T,251213,142057,59.1157275N,18.1101114E,67,3.3,256
21,T,251213,142058,59.1157209N,18.1100969E,67,3.3,231
22,T,251213,142059,59.1157147N,18.1100844E,68,3.3,245
23,T,251213,142100,59.1157082N,18.1100755E,68,3.3,211
24,T,251213,142101,59.1157011N,18.1100687E,68,3.1,206
25,T,251213,142102,59.1156949N,18.1100656E,68,2.9,217
26,T,251213,142103,59.1156877N,18.1100603E,68,2.9,204
27,T,251213,142104,59.1156814N,18.1100553E,68,2.9,202
28,T,251213,142105,59.1156747N,18.1100485E,68,2.7,202
29,T,251213,142106,59.1156709N,18.1100382E,68,2.9,257
30,T,251213,142107,59.1156673N,18.1100227E,68,2.9,261
31,T,251213,142108,59.1156642N,18.1100076E,68,2.7,247
32,T,251213,142109,59.1156598N,18.1099951E,68,2.9,243
33,T,251213,142110,59.1156526N,18.1099838E,68,3.1,226
34,T,251213,142111,59.1156430N,18.1099683E,68,3.5,232
35,T,251213,142112,59.1156328N,18.1099537E,68,3.5,233
36,T,251213,142113,59.1156258N,18.1099436E,68,3.1,223
37,T,251213,142114,59.1156197N,18.1099363E,68,3.1,207
38,T,251213,142115,59.1156135N,18.1099330E,68,3.1,197
39,T,251213,142116,59.1156057N,18.1099321E,68,2.9,154
40,T,251213,142117,59.1155987N,18.1099365E,68,3.1,159
41,T,251213,142118,59.1155915N,18.1099439E,68,3.3,152
42,T,251213,142119,59.1155844N,18.1099541E,68,3.1,151
43,T,251213,142120,59.1155759N,18.1099625E,68,3.1,158
44,T,251213,142121,59.1155689N,18.1099704E,68,3.1,150
45,T,251213,142122,59.1155617N,18.1099772E,68,3.3,170
46,T,251213,142123,59.1155527N,18.1099869E,67,3.5,163
47,T,251213,142124,59.1155396N,18.1099984E,67,3.5,162
48,T,251213,142125,59.1155257N,18.1100118E,67,3.7,158
49,T,251213,142126,59.1155128N,18.1100251E,67,3.8,164
50,T,251213,142127,59.1155017N,18.1100386E,67,3.8,165
51,T,251213,142128,59.1154905N,18.1100530E,67,3.8,165
52,T,251213,142129,59.1154801N,18.1100674E,67,4.0,155
53,T,251213,142130,59.1154695N,18.1100807E,67,4.2,158
54,T,251213,142131,59.1154677N,18.1100801E,64,3.8,145
55,T,251213,142132,59.1154696N,18.1100819E,64,3.5,128
56,T,251213,142133,59.1154755N,18.1100800E,64,2.9,128
57,T,251213,142134,59.1154766N,18.1100863E,64,1.1,118
58,T,251213,142135,59.1154708N,18.1101025E,65,1.2,120
59,T,251213,142144,59.1154594N,18.1101351E,63,1.1,214
60,T,251213,142146,59.1154594N,18.1101351E,64,2.0,173
61,T,251213,142147,59.1154460N,18.1101317E,64,2.9,178
62,T,251213,142207,59.1154195N,18.1101248E,63,1.4,173
63,T,251213,142217,59.1154195N,18.1101248E,63,1.1,174
64,T,251213,142224,59.1154195N,18.1101248E,63,1.2,206
65,T,251213,142225,59.1154221N,18.1101258E,63,1.8,210
66,T,251213,142226,59.1154242N,18.1101279E,63,1.2,207
67,T,251213,142236,59.1154145N,18.1101619E,63,1.1,206
68,T,251213,142237,59.1154061N,18.1101717E,63,1.6,219
69,T,251213,142238,59.1154009N,18.1101589E,63,2.4,230
70,T,251213,142239,59.1153967N,18.1101469E,63,2.5,225
71,T,251213,142240,59.1153941N,18.1101343E,63,2.5,219
72,T,251213,142241,59.1153929N,18.1101268E,63,1.8,219
73,T,251213,142248,59.1153929N,18.1101220E,63,2.0,262
74,T,251213,142249,59.1153959N,18.1100983E,63,3.5,277
75,T,251213,142250,59.1154023N,18.1100693E,63,4.8,292
76,T,251213,142251,59.1154134N,18.1100333E,63,5.9,302
77,T,251213,142252,59.1154248N,18.1100083E,63,6.6,300
78,T,251213,142253,59.1154385N,18.1099754E,63,7.4,306
79,T,251213,142254,59.1154533N,18.1099382E,63,7.7,313
80,T,251213,142255,59.1154688N,18.1099038E,63,7.9,316
81,T,251213,142256,59.1154838N,18.1098771E,63,7.7,328
82,T,251213,142257,59.1154960N,18.1098588E,63,7.4,332
83,T,251213,142258,59.1155060N,18.1098480E,63,6.6,335
84,T,251213,142259,59.1155122N,18.1098394E,63,6.4,335
85,T,251213,142300,59.1155166N,18.1098307E,63,4.8,335
86,T,251213,142301,59.1155202N,18.1098239E,63,1.4,333
87,T,251213,142303,59.1155235N,18.1098191E,63,3.7,319
88,T,251213,142304,59.1155315N,18.1097990E,63,5.1,308
89,T,251213,142305,59.1155477N,18.1097607E,63,7.5,308
90,T,251213,142306,59.1155743N,18.1097006E,63,10.5,305
91,T,251213,142307,59.1156024N,18.1096390E,63,12.5,303
92,T,251213,142308,59.1156300N,18.1095727E,63,13.7,301
93,T,251213,142309,59.1156536N,18.1095049E,63,14.4,298
94,T,251213,142310,59.1156752N,18.1094353E,63,15.0,295
95,T,251213,142311,59.1156959N,18.1093655E,63,15.3,296
96,T,251213,142312,59.1157183N,18.1092960E,63,15.7,300
97,T,251213,142313,59.1157416N,18.1092276E,63,15.9,306
98,T,251213,142314,59.1157702N,18.1091622E,63,16.2,311
99,T,251213,142315,59.1157999N,18.1090986E,63,16.4,311
100,T,251213,142316,59.1158409N,18.1090310E,63,17.2,320
101,T,251213,142317,59.1158897N,18.1089673E,63,17.9,333
102,T,251213,142318,59.1159485N,18.1089164E,62,19.4,334
103,T,251213,142319,59.1160076N,18.1088892E,62,18.5,339
104,T,251213,142320,59.1160545N,18.1088725E,61,18.1,332
105,T,251213,142321,59.1160917N,18.1088538E,61,16.6,323
106,T,251213,142322,59.1161179N,18.1088247E,60,16.4,309
107,T,251213,142323,59.1161394N,18.1087772E,60,16.4,300
108,T,251213,142324,59.1161546N,18.1087181E,60,16.6,293
109,T,251213,142325,59.1161630N,18.1086456E,60,17.2,277
110,T,251213,142326,59.1161679N,18.1085648E,60,17.2,273
111,T,251213,142327,59.1161650N,18.1084759E,60,17.0,254
112,T,251213,142328,59.1161552N,18.1083873E,60,18.1,256
113,T,251213,142329,59.1161332N,18.1083010E,60,19.8,252
114,T,251213,142330,59.1161049N,18.1082131E,60,21.1,249
115,T,251213,142331,59.1160695N,18.1081171E,59,21.8,250
116,T,251213,142332,59.1160320N,18.1080119E,59,22.9,245
117,T,251213,142333,59.1159919N,18.1079026E,59,23.8,246
118,T,251213,142334,59.1159060N,18.1076819E,59,24.2,243
119,T,251213,142335,59.1158688N,18.1075823E,59,24.4,240
120,T,251213,142336,59.1158523N,18.1074640E,59,24.2,247
121,T,251213,142337,59.1158337N,18.1073615E,58,23.7,248
122,T,251213,142338,59.1158134N,18.1072690E,58,22.7,248
123,T,251213,142339,59.1157941N,18.1071734E,58,22.0,248
124,T,251213,142340,59.1157766N,18.1071006E,58,20.7,244
125,T,251213,142341,59.1157704N,18.1070486E,58,18.3,246
126,T,251213,142342,59.1157495N,18.1070009E,58,17.4,238
127,T,251213,142343,59.1157151N,18.1069841E,58,15.9,228
128,T,251213,142344,59.1156886N,18.1069635E,58,14.8,229
129,T,251213,142345,59.1156466N,18.1069200E,57,14.4,215
130,T,251213,142346,59.1156065N,18.1069095E,58,15.0,186
131,T,251213,142347,59.1155544N,18.1069480E,58,23.5,153
132,T,251213,142348,59.1154899N,18.1070365E,58,27.7,150
133,T,251213,142349,59.1154254N,18.1071332E,58,30.1,148
134,T,251213,142350,59.1153512N,18.1072279E,57,32.9,148
135,T,251213,142351,59.1152722N,18.1073311E,57,34.4,149
136,T,251213,142352,59.1151901N,18.1074343E,57,35.9,149
137,T,251213,142353,59.1151000N,18.1075370E,57,37.0,149
138,T,251213,142354,59.1150062N,18.1076382E,58,37.5,149
139,T,251213,142355,59.1149169N,18.1077377E,58,38.8,149
140,T,251213,142356,59.1148227N,18.1078401E,58,39.6,149
141,T,251213,142357,59.1147369N,18.1079367E,57,39.0,150
142,T,251213,142358,59.1146475N,18.1080362E,56,38.8,151
143,T,251213,142359,59.1145602N,18.1081348E,57,38.7,151
144,T,251213,142400,59.1144711N,18.1082310E,57,38.7,151
145,T,251213,142401,59.1143907N,18.1083233E,57,38.3,151
146,T,251213,142402,59.1143032N,18.1084233E,57,37.5,151
147,T,251213,142403,59.1142209N,18.1085172E,56,37.2,150
148,T,251213,142404,59.1141357N,18.1086211E,55,37.7,145
149,T,251213,142405,59.1140525N,18.1087287E,55,37.7,147
150,T,251213,142406,59.1139684N,18.1088304E,55,37.5,146
151,T,251213,142407,59.1138644N,18.1089479E,51,37.0,151
152,T,251213,142408,59.1137677N,18.1090418E,49,36.8,147
153,T,251213,142409,59.1136832N,18.1091454E,48,37.0,150
154,T,251213,142410,59.1135883N,18.1092432E,48,37.5,150
155,T,251213,142411,59.1135122N,18.1093305E,46,36.6,153
156,T,251213,142412,59.1134448N,18.1094049E,46,35.1,150
157,T,251213,142413,59.1133964N,18.1094568E,51,32.7,146
158,T,251213,142414,59.1133337N,18.1095259E,48,31.6,144
159,T,251213,142415,59.1132478N,18.1096243E,43,31.6,144
160,T,251213,142416,59.1131744N,18.1097160E,42,33.1,142
161,T,251213,142417,59.1131061N,18.1098182E,42,33.3,143
162,T,251213,142418,59.1130170N,18.1099365E,40,35.3,143
163,T,251213,142419,59.1129417N,18.1100399E,44,36.4,143
164,T,251213,142420,59.1128740N,18.1101460E,43,37.2,140
165,T,251213,142421,59.1128098N,18.1102677E,40,37.7,141
166,T,251213,142422,59.1127332N,18.1103712E,41,39.4,147
167,T,251213,142423,59.1126486N,18.1104712E,41,40.5,150
168,T,251213,142424,59.1125562N,18.1105594E,43,41.6,153
169,T,251213,142425,59.1124646N,18.1106368E,43,42.2,152
170,T,251213,142426,59.1123627N,18.1107548E,38,42.9,149
171,T,251213,142427,59.1122727N,18.1108485E,38,43.1,148
172,T,251213,142428,59.1121834N,18.1109464E,38,42.9,147
173,T,251213,142429,59.1120933N,18.1110728E,34,42.7,141
174,T,251213,142430,59.1120127N,18.1112079E,32,43.7,137
175,T,251213,142431,59.1119389N,18.1113529E,32,43.8,136
176,T,251213,142432,59.1118559N,18.1114990E,29,44.8,139
177,T,251213,142433,59.1117786N,18.1116373E,29,46.3,143
178,T,251213,142434,59.1116924N,18.1117715E,28,46.6,142
179,T,251213,142435,59.1116069N,18.1119052E,27,46.4,143
180,T,251213,142436,59.1115285N,18.1120284E,26,45.7,141
181,T,251213,142437,59.1114598N,18.1121474E,26,44.4,141
182,T,251213,142438,59.1113973N,18.1122611E,28,42.7,140
183,T,251213,142439,59.1113278N,18.1123688E,28,41.6,139
184,T,251213,142440,59.1112612N,18.1124759E,28,40.5,140
185,T,251213,142441,59.1111879N,18.1125942E,28,39.8,140
186,T,251213,142442,59.1111263N,18.1126871E,28,38.8,140
187,T,251213,142443,59.1110702N,18.1127802E,29,37.9,140
188,T,251213,142444,59.1110128N,18.1128730E,28,36.8,140
189,T,251213,142445,59.1109573N,18.1129597E,28,35.7,139
190,T,251213,142446,59.1109052N,18.1130391E,27,34.6,137
191,T,251213,142447,59.1108812N,18.1130547E,33,32.4,137
192,T,251213,142448,59.1108291N,18.1131418E,31,30.7,151
193,T,251213,142449,59.1107674N,18.1132383E,29,29.2,137
194,T,251213,142450,59.1107372N,18.1133058E,32,28.7,137
195,T,251213,142451,59.1106610N,18.1134220E,27,28.3,133
196,T,251213,142452,59.1105965N,18.1135396E,23,28.3,132
197,T,251213,142453,59.1105334N,18.1136511E,19,28.1,129
198,T,251213,142454,59.1105278N,18.1137938E,30,29.8,146
199,T,251213,142455,59.1104739N,18.1138706E,36,30.5,140
200,T,251213,142456,59.1104073N,18.1139813E,35,31.2,139
201,T,251213,142457,59.1103464N,18.1140973E,35,32.2,137
202,T,251213,142458,59.1102887N,18.1142046E,34,32.7,134
203,T,251213,142459,59.1102308N,18.1143198E,34,32.7,135
204,T,251213,142500,59.1101728N,18.1144349E,34,32.9,134
205,T,251213,142501,59.1101124N,18.1146584E,33,34.6,118
206,T,251213,142502,59.1100264N,18.1148761E,33,38.8,137
207,T,251213,142503,59.1099460N,18.1150417E,34,41.8,132
208,T,251213,142504,59.1098711N,18.1152004E,34,42.4,132
209,T,251213,142505,59.1096972N,18.1155707E,25,44.2,140
210,T,251213,142506,59.1095124N,18.1159052E,16,45.5,141
211,T,251213,142507,59.1094840N,18.1162348E,24,46.3,140
212,T,251213,142508,59.1093873N,18.1164447E,23,46.8,143
213,T,251213,142509,59.1092801N,18.1166176E,22,47.0,140
214,T,251213,142510,59.1091805N,18.1167718E,22,47.0,139
215,T,251213,142511,59.1090825N,18.1169093E,25,47.2,141
216,T,251213,142512,59.1089937N,18.1170598E,25,47.2,140
217,T,251213,142513,59.1089057N,18.1172033E,26,47.0,139
218,T,251213,142514,59.1088281N,18.1173107E,26,46.4,139
219,T,251213,142515,59.1087554N,18.1174437E,26,45.5,138
220,T,251213,142516,59.1086785N,18.1175808E,26,44.2,137
221,T,251213,142517,59.1086127N,18.1177119E,26,42.0,136
222,T,251213,142518,59.1085457N,18.1178393E,27,39.4,136
223,T,251213,142519,59.1084874N,18.1179515E,27,37.0,136
224,T,251213,142520,59.1084376N,18.1180520E,28,34.4,136
225,T,251213,142521,59.1083952N,18.1181422E,28,31.8,135
226,T,251213,142522,59.1083549N,18.1182287E,28,30.0,134
227,T,251213,142523,59.1083127N,18.1183184E,28,28.5,133
228,T,251213,142524,59.1082782N,18.1184059E,27,28.1,131
229,T,251213,142525,59.1082477N,18.1184928E,27,27.4,126
230,T,251213,142526,59.1082075N,18.1186279E,24,27.9,125
231,T,251213,142527,59.1081649N,18.1187587E,25,28.7,125
232,T,251213,142528,59.1081268N,18.1189056E,22,28.7,124
233,T,251213,142529,59.1080873N,18.1190450E,21,29.6,119
234,T,251213,142530,59.1080431N,18.1192051E,21,30.0,119
235,T,251213,142531,59.1079914N,18.1193904E,22,32.4,116
236,T,251213,142532,59.1079474N,18.1196067E,22,35.0,115
237,T,251213,142533,59.1079094N,18.1198283E,22,37.2,112
238,T,251213,142534,59.1078747N,18.1200684E,21,39.0,109
239,T,251213,142535,59.1078392N,18.1203628E,19,43.1,106
240,T,251213,142536,59.1078165N,18.1206163E,20,45.5,105
241,T,251213,142537,59.1077953N,18.1208789E,21,47.0,105
242,T,251213,142538,59.1077693N,18.1211385E,22,48.7,105
243,T,251213,142539,59.1077415N,18.1213946E,23,49.6,105
244,T,251213,142540,59.1077102N,18.1216213E,23,49.6,106
245,T,251213,142541,59.1076815N,18.1218593E,23,49.2,107
246,T,251213,142542,59.1076506N,18.1220853E,23,48.3,109
247,T,251213,142543,59.1076179N,18.1222972E,23,47.5,109
248,T,251213,142544,59.1075837N,18.1225141E,23,46.6,109
249,T,251213,142545,59.1075516N,18.1227138E,23,45.0,108
250,T,251213,142546,59.1075233N,18.1228913E,22,43.1,108
251,T,251213,142547,59.1074957N,18.1230604E,22,41.6,108
252,T,251213,142548,59.1074657N,18.1232265E,22,40.7,109
253,T,251213,142549,59.1074328N,18.1234034E,22,40.1,109
254,T,251213,142550,59.1073976N,18.1235269E,21,38.8,120
255,T,251213,142551,59.1073679N,18.1236244E,23,37.4,133
256,T,251213,142552,59.1073156N,18.1236655E,26,36.2,159
257,T,251213,142553,59.1072471N,18.1236232E,28,34.4,166
258,T,251213,142554,59.1071355N,18.1236051E,17,33.1,196
259,T,251213,142555,59.1070705N,18.1235508E,19,33.1,178
260,T,251213,142556,59.1070194N,18.1235014E,33,32.7,184
261,T,251213,142557,59.1069146N,18.1234759E,31,35.1,185
262,T,251213,142558,59.1068100N,18.1234331E,31,38.8,186
263,T,251213,142559,59.1067007N,18.1233863E,29,40.5,183
264,T,251213,142600,59.1065747N,18.1233500E,26,42.7,183
265,T,251213,142601,59.1064505N,18.1233210E,25,44.6,183
266,T,251213,142602,59.1063165N,18.1232980E,23,46.1,183
267,T,251213,142603,59.1061856N,18.1232683E,23,47.4,182
268,T,251213,142604,59.1060265N,18.1232168E,22,49.4,185
269,T,251213,142605,59.1058175N,18.1231038E,22,56.4,194
270,T,251213,142606,59.1056517N,18.1230158E,22,60.1,198
271,T,251213,142607,59.1054502N,18.1228660E,22,64.6,201
272,T,251213,142608,59.1052262N,18.1226762E,23,71.1,201
273,T,251213,142609,59.1050335N,18.1225306E,23,75.3,202
274,T,251213,142610,59.1048126N,18.1223543E,23,79.2,202
275,T,251213,142611,59.1046020N,18.1221781E,24,82.0,202
276,T,251213,142612,59.1043882N,18.1219818E,25,83.8,203
277,T,251213,142613,59.1041637N,18.1217855E,26,86.1,204
278,T,251213,142614,59.1039339N,18.1215854E,27,87.4,204
279,T,251213,142615,59.1037118N,18.1213768E,27,87.7,205
280,T,251213,142616,59.1035118N,18.1211912E,25,88.7,205
281,T,251213,142617,59.1033047N,18.1210078E,25,88.8,206
282,T,251213,142618,59.1031049N,18.1208146E,23,88.7,207
283,T,251213,142619,59.1028926N,18.1205841E,21,89.0,208
284,T,251213,142620,59.1026940N,18.1203595E,20,88.8,210
285,T,251213,142621,59.1025093N,18.1201330E,19,88.5,212
286,T,251213,142622,59.1023281N,18.1199136E,19,88.3,212
287,T,251213,142623,59.1021342N,18.1196571E,19,88.3,212
288,T,251213,142624,59.1019603N,18.1194134E,19,87.9,214
289,T,251213,142625,59.1017904N,18.1191699E,20,87.5,215
290,T,251213,142626,59.1016182N,18.1189261E,19,87.2,216
291,T,251213,142627,59.1014504N,18.1186581E,19,86.8,217
292,T,251213,142628,59.1012823N,18.1183810E,19,86.6,218
293,T,251213,142629,59.1011148N,18.1181006E,19,86.8,219
294,T,251213,142630,59.1009467N,18.1178177E,19,87.2,221
295,T,251213,142631,59.1007850N,18.1175374E,19,87.4,222
296,T,251213,142632,59.1006262N,18.1172533E,19,87.7,223
297,T,251213,142633,59.1004704N,18.1169530E,19,88.1,223
298,T,251213,142634,59.1003136N,18.1166455E,19,88.5,224
299,T,251213,142635,59.1001601N,18.1163361E,19,88.7,224
300,T,251213,142636,59.1000134N,18.1160227E,19,88.1,226
301,T,251213,142637,59.0998623N,18.1157070E,19,88.7,226
302,T,251213,142638,59.0997124N,18.1153898E,19,89.0,226
303,T,251213,142639,59.0995627N,18.1150740E,19,89.0,226
304,T,251213,142640,59.0994181N,18.1147650E,20,89.0,227
305,T,251213,142641,59.0992732N,18.1144485E,20,88.5,228
306,T,251213,142642,59.0991303N,18.1141309E,20,88.5,228
307,T,251213,142643,59.0989899N,18.1137855E,20,88.7,230
308,T,251213,142644,59.0988525N,18.1134525E,20,88.1,230
309,T,251213,142645,59.0987148N,18.1131223E,20,87.7,231
310,T,251213,142646,59.0985777N,18.1127908E,19,87.7,231
311,T,251213,142647,59.0984416N,18.1124593E,19,87.7,232
312,T,251213,142648,59.0983064N,18.1121287E,20,87.9,232
313,T,251213,142649,59.0981727N,18.1118031E,20,87.9,233
314,T,251213,142700,59.0967317N,18.1080757E,21,87.5,233
315,T,251213,142717,59.0947122N,18.1022241E,22,87.9,235
316,T,251213,142718,59.0945947N,18.1018854E,22,88.7,235
317,T,251213,142719,59.0944684N,18.1015449E,22,89.0,234
318,T,251213,142720,59.0943337N,18.1011878E,22,89.2,234
319,T,251213,142721,59.0942000N,18.1008217E,22,89.6,234
320,T,251213,142722,59.0940711N,18.1004552E,22,90.1,234
321,T,251213,142723,59.0939397N,18.1000896E,22,90.7,234
322,T,251213,142724,59.0938087N,18.0997281E,22,90.7,234
323,T,251213,142725,59.0936727N,18.0993616E,22,90.7,234
324,T,251213,142726,59.0935281N,18.0990041E,22,90.7,234
325,T,251213,142727,59.0933893N,18.0986413E,22,91.1,234
326,T,251213,142728,59.0932508N,18.0982762E,21,91.3,234
327,T,251213,142729,59.0931035N,18.0979119E,21,91.6,233
328,T,251213,142730,59.0929685N,18.0975385E,21,92.2,233
329,T,251213,142731,59.0928282N,18.0971665E,21,92.6,233
330,T,251213,142732,59.0926979N,18.0968112E,21,93.3,233
331,T,251213,142733,59.0925624N,18.0964630E,21,93.5,234
332,T,251213,142734,59.0924355N,18.0961098E,22,93.5,234
333,T,251213,142735,59.0923099N,18.0957537E,22,92.9,234
334,T,251213,142736,59.0921839N,18.0953869E,23,92.6,234
335,T,251213,142737,59.0920522N,18.0950078E,23,92.0,235
336,T,251213,142738,59.0919256N,18.0946334E,23,91.8,234
337,T,251213,142739,59.0918028N,18.0942648E,24,91.4,235
338,T,251213,142740,59.0916765N,18.0938999E,24,91.4,235
339,T,251213,142741,59.0915410N,18.0935101E,25,92.2,235
340,T,251213,142742,59.0914092N,18.0931298E,25,92.4,235
341,T,251213,142743,59.0912791N,18.0927518E,25,92.7,235
342,T,251213,142744,59.0911438N,18.0923647E,25,93.7,235
343,T,251213,142745,59.0909994N,18.0919646E,25,95.0,234
344,T,251213,142746,59.0908502N,18.0915668E,25,96.4,233
345,T,251213,142747,59.0906965N,18.0911772E,25,97.6,232
346,T,251213,142748,59.0905457N,18.0908228E,25,98.1,229
347,T,251213,142749,59.0903590N,18.0904355E,25,98.7,229
348,T,251213,142750,59.0901777N,18.0900403E,25,98.8,229
349,T,251213,142751,59.0900090N,18.0896966E,26,98.7,228
350,T,251213,142752,59.0898365N,18.0893365E,26,98.3,228
351,T,251213,142753,59.0896625N,18.0889742E,27,98.1,227
352,T,251213,142754,59.0894805N,18.0886361E,27,98.1,225
353,T,251213,142755,59.0893052N,18.0883022E,28,98.1,223
354,T,251213,142756,59.0891282N,18.0879770E,28,98.5,222
355,T,251213,142757,59.0889490N,18.0876590E,28,98.7,222
356,T,251213,142758,59.0887658N,18.0873523E,28,98.7,221
357,T,251213,142759,59.0885818N,18.0870444E,29,98.1,220
358,T,251213,142800,59.0884015N,18.0867396E,29,97.2,220
359,T,251213,142801,59.0882112N,18.0864342E,28,96.8,220
360,T,251213,142802,59.0880259N,18.0861252E,28,96.3,220
361,T,251213,142803,59.0878418N,18.0858240E,27,95.9,220
362,T,251213,142804,59.0876576N,18.0855355E,28,95.7,219
363,T,251213,142805,59.0874736N,18.0852451E,28,96.1,219
364,T,251213,142806,59.0872887N,18.0849533E,28,96.1,218
365,T,251213,142807,59.0871021N,18.0846639E,28,96.3,218
366,T,251213,142808,59.0869151N,18.0843789E,27,96.4,218
367,T,251213,142809,59.0867235N,18.0840913E,27,96.8,217
368,T,251213,142810,59.0865257N,18.0838083E,28,97.4,217
369,T,251213,142811,59.0863274N,18.0835254E,28,97.7,215
370,T,251213,142812,59.0861258N,18.0832580E,28,97.7,214
371,T,251213,142813,59.0859318N,18.0829981E,28,97.4,214
372,T,251213,142814,59.0857301N,18.0827347E,28,96.8,213
373,T,251213,142815,59.0855255N,18.0824768E,28,97.2,213
374,T,251213,142816,59.0853226N,18.0822181E,28,97.4,212
375,T,251213,142817,59.0851203N,18.0819741E,28,97.2,210
376,T,251213,142818,59.0849056N,18.0817345E,29,97.2,210
377,T,251213,142819,59.0846934N,18.0815061E,29,97.0,208
378,T,251213,142820,59.0844792N,18.0812759E,29,97.0,207
379,T,251213,142821,59.0842701N,18.0810523E,29,96.3,206
380,T,251213,142822,59.0840599N,18.0808405E,29,95.9,205
381,T,251213,142823,59.0838421N,18.0806422E,29,95.3,204
382,T,251213,142824,59.0836330N,18.0804506E,29,94.6,203
383,T,251213,142825,59.0834219N,18.0802608E,30,93.1,202
384,T,251213,142826,59.0832135N,18.0800890E,29,92.4,201
385,T,251213,142827,59.0829957N,18.0799206E,31,92.0,200
386,T,251213,142828,59.0827858N,18.0797693E,31,91.1,200
387,T,251213,142829,59.0825814N,18.0796319E,30,90.0,198
388,T,251213,142830,59.0823706N,18.0794966E,30,88.8,197
389,T,251213,142831,59.0821582N,18.0793663E,31,87.5,196
390,T,251213,142832,59.0819367N,18.0792427E,32,87.5,195
391,T,251213,142833,59.0817265N,18.0791339E,32,87.9,195
392,T,251213,142834,59.0814995N,18.0790103E,32,88.8,195
393,T,251213,142835,59.0812722N,18.0788869E,33,90.3,196
394,T,251213,142836,59.0810497N,18.0787588E,32,91.8,197
395,T,251213,142837,59.0808249N,18.0786255E,31,92.9,197
396,T,251213,142838,59.0805983N,18.0784878E,32,93.8,198
397,T,251213,142839,59.0803674N,18.0783448E,32,95.3,198
398,T,251213,142840,59.0801273N,18.0781913E,33,96.3,198
399,T,251213,142841,59.0798914N,18.0780296E,32,97.2,200
400,T,251213,142842,59.0796612N,18.0778545E,33,98.1,203
401,T,251213,142843,59.0794322N,18.0776574E,33,98.5,204
402,T,251213,142844,59.0792068N,18.0774533E,32,98.7,205
403,T,251213,142845,59.0789912N,18.0772377E,31,98.8,207
404,T,251213,142846,59.0787757N,18.0770220E,31,98.7,208
405,T,251213,142847,59.0785596N,18.0767823E,30,99.2,209
406,T,251213,142848,59.0783442N,18.0765322E,29,98.7,212
407,T,251213,142849,59.0781266N,18.0762721E,32,98.8,213
408,T,251213,142850,59.0779172N,18.0760189E,32,99.0,214
409,T,251213,142851,59.0777151N,18.0757555E,32,99.0,215
410,T,251213,142852,59.0775212N,18.0754613E,32,99.0,217
411,T,251213,142853,59.0773351N,18.0751509E,32,99.2,218
412,T,251213,142854,59.0771471N,18.0748330E,32,99.4,219
413,T,251213,142855,59.0769635N,18.0745102E,32,100.0,221
414,T,251213,142856,59.0767884N,18.0741899E,32,100.3,221
415,T,251213,142857,59.0766029N,18.0738488E,32,101.3,221
416,T,251213,142858,59.0764170N,18.0735081E,32,102.0,222
417,T,251213,142859,59.0762320N,18.0731748E,32,101.8,222
418,T,251213,142900,59.0760468N,18.0728389E,32,101.6,222
419,T,251213,142901,59.0758599N,18.0725080E,33,101.4,222
420,T,251213,142902,59.0756751N,18.0721890E,33,101.4,222
421,T,251213,142903,59.0754898N,18.0718703E,33,101.1,221
422,T,251213,142904,59.0753054N,18.0715516E,33,100.9,221
423,T,251213,142905,59.0751163N,18.0712218E,34,100.5,220
424,T,251213,142906,59.0749338N,18.0709077E,34,100.3,220
425,T,251213,142907,59.0747418N,18.0705804E,34,100.7,219
426,T,251213,142908,59.0745471N,18.0702726E,34,99.6,218
427,T,251213,142909,59.0743583N,18.0699784E,34,99.2,217
428,T,251213,142910,59.0741670N,18.0696946E,35,98.3,216
429,T,251213,142911,59.0739717N,18.0694148E,35,97.9,215
430,T,251213,142912,59.0737756N,18.0691452E,34,97.7,214
431,T,251213,142913,59.0735719N,18.0688760E,34,97.7,214
432,T,251213,142914,59.0733653N,18.0685975E,35,98.5,214
433,T,251213,142915,59.0731521N,18.0683069E,34,98.8,213
434,T,251213,142916,59.0729495N,18.0680383E,34,98.5,213
435,T,251213,142917,59.0727396N,18.0677776E,35,98.1,212
436,T,251213,142918,59.0725389N,18.0675346E,35,98.3,211
437,T,251213,142919,59.0723426N,18.0673180E,35,97.0,210
438,T,251213,142920,59.0721446N,18.0671273E,35,95.9,208
439,T,251213,142921,59.0719336N,18.0669195E,35,96.4,207
440,T,251213,142922,59.0717176N,18.0667164E,35,96.1,207
441,T,251213,142923,59.0714963N,18.0665102E,35,95.9,207
442,T,251213,142924,59.0712741N,18.0663087E,35,96.6,206
443,T,251213,142925,59.0710458N,18.0661032E,35,97.4,206
444,T,251213,142926,59.0708059N,18.0658603E,35,97.9,206
445,T,251213,142927,59.0705726N,18.0656449E,35,98.8,206
446,T,251213,142928,59.0703455N,18.0654333E,35,99.0,206
447,T,251213,142929,59.0701148N,18.0652147E,35,99.4,207
448,T,251213,142930,59.0698808N,18.0649958E,35,99.0,207
449,T,251213,142931,59.0696517N,18.0647735E,34,98.8,208
450,T,251213,142932,59.0694289N,18.0645409E,34,98.8,209
451,T,251213,142933,59.0692031N,18.0642888E,34,98.8,209
452,T,251213,142934,59.0689843N,18.0640444E,34,98.8,211
453,T,251213,142935,59.0687755N,18.0637907E,33,98.8,213
454,T,251213,142936,59.0685758N,18.0635409E,33,98.8,214
455,T,251213,142937,59.0683736N,18.0632711E,33,99.2,214
456,T,251213,142938,59.0681755N,18.0630065E,32,100.5,213
457,T,251213,142939,59.0679619N,18.0627124E,32,100.5,214
458,T,251213,142940,59.0677566N,18.0624185E,32,100.1,216
459,T,251213,142941,59.0675551N,18.0621072E,34,100.3,217
460,T,251213,142942,59.0673565N,18.0617908E,34,101.3,219
461,T,251213,142943,59.0671639N,18.0614553E,34,102.0,220
462,T,251213,142944,59.0669753N,18.0611342E,34,102.0,222
463,T,251213,142945,59.0667934N,18.0608044E,34,102.0,222
464,T,251213,142946,59.0666147N,18.0604664E,34,101.4,223
465,T,251213,142947,59.0664348N,18.0601315E,34,100.7,223
466,T,251213,142948,59.0662579N,18.0597943E,35,99.8,224
467,T,251213,142949,59.0660843N,18.0594530E,31,99.0,226
468,T,251213,142950,59.0659157N,18.0591015E,31,98.3,227
469,T,251213,142951,59.0657527N,18.0587449E,31,97.2,229
470,T,251213,142952,59.0655992N,18.0583813E,31,96.4,230
471,T,251213,142953,59.0654519N,18.0579997E,31,97.0,233
472,T,251213,142954,59.0653097N,18.0576241E,31,96.8,233
473,T,251213,142955,59.0651725N,18.0572444E,31,96.3,235
474,T,251213,142956,59.0650351N,18.0568282E,30,96.3,237
475,T,251213,142957,59.0649256N,18.0564382E,30,95.7,239
476,T,251213,142958,59.0648154N,18.0560333E,29,95.7,239
477,T,251213,142959,59.0647109N,18.0556336E,29,95.7,240
478,T,251213,143000,59.0645973N,18.0552160E,29,95.1,243
479,T,251213,143001,59.0644966N,18.0548095E,28,94.4,245
480,T,251213,143002,59.0644036N,18.0543971E,27,93.5,247
481,T,251213,143003,59.0643179N,18.0539884E,27,92.7,248
482,T,251213,143004,59.0642309N,18.0535740E,26,92.2,248
483,T,251213,143005,59.0641491N,18.0531520E,26,92.0,249
484,T,251213,143006,59.0640686N,18.0527369E,26,91.6,249
485,T,251213,143007,59.0639995N,18.0523226E,26,91.3,252
486,T,251213,143008,59.0639281N,18.0518969E,26,90.7,252
487,T,251213,143009,59.0638592N,18.0514631E,26,90.5,253
488,T,251213,143010,59.0637964N,18.0510480E,26,90.1,253
489,T,251213,143011,59.0637416N,18.0505973E,25,90.3,254
490,T,251213,143012,59.0636900N,18.0501579E,25,90.5,256
491,T,251213,143013,59.0636411N,18.0497220E,26,90.5,256
492,T,251213,143014,59.0635935N,18.0492975E,26,90.5,257
493,T,251213,143015,59.0635480N,18.0488804E,26,90.0,257
494,T,251213,143016,59.0635018N,18.0484595E,26,89.4,257
495,T,251213,143017,59.0634559N,18.0480368E,26,88.8,257
496,T,251213,143018,59.0634096N,18.0476241E,25,88.5,257
497,T,251213,143019,59.0633636N,18.0472031E,25,88.3,257
498,T,251213,143020,59.0633146N,18.0467861E,25,87.9,256
499,T,251213,143021,59.0632644N,18.0463658E,25,87.9,256
500,T,251213,143022,59.0632116N,18.0459403E,25,88.3,255
501,T,251213,143023,59.0631600N,18.0455180E,25,88.5,256
502,T,251213,143024,59.0631053N,18.0451036E,25,89.0,255
503,T,251213,143025,59.0630487N,18.0446772E,25,89.4,254
504,T,251213,143026,59.0629911N,18.0442596E,25,89.0,254
505,T,251213,143027,59.0629371N,18.0438535E,25,88.5,254
506,T,251213,143028,59.0628724N,18.0434414E,25,88.5,253
507,T,251213,143029,59.0628087N,18.0430394E,25,88.8,253
508,T,251213,143030,59.0627429N,18.0426285E,25,89.0,252
509,T,251213,143031,59.0626770N,18.0422148E,25,89.2,252
510,T,251213,143032,59.0626071N,18.0417951E,25,90.1,251
511,T,251213,143033,59.0625407N,18.0413842E,25,90.3,252
512,T,251213,143034,59.0624728N,18.0409747E,25,90.0,251
513,T,251213,143035,59.0624012N,18.0405613E,25,89.8,251
514,T,251213,143036,59.0623275N,18.0401481E,25,89.6,251
515,T,251213,143037,59.0622515N,18.0397403E,24,89.0,250
516,T,251213,143038,59.0621753N,18.0393366E,24,88.7,250
517,T,251213,143039,59.0620980N,18.0389403E,24,88.5,250
518,T,251213,143040,59.0620199N,18.0385520E,24,88.3,249
519,T,251213,143041,59.0619398N,18.0381722E,24,87.7,249
520,T,251213,143042,59.0618584N,18.0377856E,24,87.5,248
521,T,251213,143043,59.0617774N,18.0374008E,24,87.2,248
522,T,251213,143044,59.0616961N,18.0370115E,24,87.4,248
523,T,251213,143045,59.0616247N,18.0366375E,24,87.5,248
524,T,251213,143046,59.0615470N,18.0362470E,24,87.9,248
525,T,251213,143047,59.0614677N,18.0358517E,24,88.5,248
526,T,251213,143048,59.0613902N,18.0354559E,24,88.8,248
527,T,251213,143049,59.0613131N,18.0350573E,24,89.2,248
528,T,251213,143050,59.0612357N,18.0346601E,24,89.4,248
529,T,251213,143051,59.0611566N,18.0342602E,24,89.4,248
530,T,251213,143052,59.0610769N,18.0338568E,24,89.2,248
531,T,251213,143053,59.0609974N,18.0334541E,24,89.4,248
532,T,251213,143054,59.0609110N,18.0330498E,24,89.4,249
533,T,251213,143055,59.0608283N,18.0326375E,24,89.8,248
534,T,251213,143056,59.0607503N,18.0322192E,24,90.1,250
535,T,251213,143057,59.0606745N,18.0318033E,24,90.3,250
536,T,251213,143058,59.0605987N,18.0313874E,24,90.3,250
537,T,251213,143059,59.0605230N,18.0309715E,24,90.5,250
538,T,251213,143100,59.0604472N,18.0305556E,24,90.5,250
539,T,251213,143104,59.0602152N,18.0281676E,22,93.5,260
540,T,251213,143105,59.0601693N,18.0277137E,23,94.8,259
541,T,251213,143107,59.0601317N,18.0272332E,22,95.3,260
542,T,251213,143108,59.0601061N,18.0267760E,22,94.8,261
543,T,251213,143109,59.0600725N,18.0263291E,22,94.0,261
544,T,251213,143110,59.0600476N,18.0258584E,21,94.0,261
545,T,251213,143111,59.0600111N,18.0254160E,21,93.8,262
546,T,251213,143112,59.0599808N,18.0249663E,22,93.8,262
547,T,251213,143113,59.0599503N,18.0245119E,22,94.2,262
548,T,251213,143114,59.0599201N,18.0240589E,22,94.2,263
549,T,251213,143115,59.0598980N,18.0235989E,22,94.4,264
550,T,251213,143116,59.0598831N,18.0231262E,22,95.1,264
551,T,251213,143117,59.0598638N,18.0226649E,22,94.8,264
552,T,251213,143118,59.0598473N,18.0221972E,22,95.1,264
553,T,251213,143119,59.0598256N,18.0217289E,23,95.3,264
554,T,251213,143120,59.0598033N,18.0212632E,23,95.5,264
555,T,251213,143121,59.0597844N,18.0207858E,23,95.7,264
556,T,251213,143122,59.0597602N,18.0203143E,23,95.5,264
557,T,251213,143123,59.0597379N,18.0198395E,24,95.7,264
558,T,251213,143124,59.0597070N,18.0193651E,24,95.9,263
559,T,251213,143125,59.0596792N,18.0188771E,24,96.4,262
560,T,251213,143126,59.0596417N,18.0183957E,24,96.8,261
561,T,251213,143127,59.0596023N,18.0179238E,25,96.3,259
562,T,251213,143128,59.0595554N,18.0174533E,25,96.4,256
563,T,251213,143129,59.0595026N,18.0169959E,25,96.4,255
564,T,251213,143130,59.0594434N,18.0165507E,24,95.7,255
565,T,251213,143131,59.0593849N,18.0161161E,24,94.8,254
566,T,251213,143132,59.0593231N,18.0156830E,24,93.8,253
567,T,251213,143133,59.0592576N,18.0152441E,24,92.9,252
568,T,251213,143134,59.0591828N,18.0148390E,24,92.4,250
569,T,251213,143135,59.0591012N,18.0144261E,24,92.0,248
570,T,251213,143136,59.0590132N,18.0140250E,24,91.6,248
571,T,251213,143137,59.0589269N,18.0136183E,24,91.3,247
572,T,251213,143138,59.0588378N,18.0132164E,23,90.3,245
573,T,251213,143139,59.0587391N,18.0128201E,23,90.5,244
574,T,251213,143140,59.0586358N,18.0124278E,24,90.7,242
575,T,251213,143141,59.0585267N,18.0120409E,23,91.8,241
576,T,251213,143142,59.0584164N,18.0116848E,24,92.2,239
577,T,251213,143143,59.0582967N,18.0113308E,24,93.1,237
578,T,251213,143144,59.0581680N,18.0109586E,24,94.4,235
579,T,251213,143145,59.0580385N,18.0105999E,24,94.6,234
580,T,251213,143146,59.0579036N,18.0102396E,24,93.8,234
581,T,251213,143147,59.0577648N,18.0098886E,25,93.1,233
582,T,251213,143148,59.0576249N,18.0095316E,26,93.5,232
583,T,251213,143149,59.0574772N,18.0091558E,26,94.0,231
584,T,251213,143150,59.0573239N,18.0087935E,26,94.8,229
585,T,251213,143151,59.0571652N,18.0084446E,27,94.6,228
586,T,251213,143152,59.0570057N,18.0081110E,27,93.7,228
587,T,251213,143153,59.0568435N,18.0077717E,27,94.0,226
588,T,251213,143154,59.0566780N,18.0074301E,27,94.6,226
589,T,251213,143155,59.0565127N,18.0070860E,26,95.0,227
590,T,251213,143156,59.0563507N,18.0067405E,26,95.1,227
591,T,251213,143157,59.0561870N,18.0063987E,26,95.3,227
592,T,251213,143158,59.0560163N,18.0060517E,26,95.9,227
593,T,251213,143159,59.0558477N,18.0057098E,26,96.3,228
594,T,251213,143200,59.0556852N,18.0053591E,26,96.4,228
595,T,251213,143201,59.0555199N,18.0050113E,26,97.0,228
596,T,251213,143202,59.0553567N,18.0046720E,26,97.2,227
597,T,251213,143203,59.0551872N,18.0043367E,26,97.6,227
598,T,251213,143204,59.0550198N,18.0039932E,27,97.9,227
599,T,251213,143205,59.0548523N,18.0036423E,27,98.5,227
600,T,251213,143206,59.0546877N,18.0032887E,27,98.3,228
601,T,251213,143207,59.0545201N,18.0029309E,26,98.5,228
602,T,251213,143208,59.0543451N,18.0025647E,26,98.5,227
603,T,251213,143209,59.0541759N,18.0022048E,26,99.4,227
604,T,251213,143210,59.0539989N,18.0018407E,26,100.3,227
605,T,251213,143211,59.0538247N,18.0014839E,26,100.3,227
606,T,251213,143212,59.0536497N,18.0011318E,27,100.3,227
607,T,251213,143213,59.0534870N,18.0007834E,28,99.6,228
608,T,251213,143214,59.0533243N,18.0004389E,29,98.8,228
609,T,251213,143215,59.0531653N,18.0001010E,28,98.1,228
610,T,251213,143216,59.0530034N,17.9997825E,28,97.7,227
611,T,251213,143217,59.0528424N,17.9994165E,27,97.4,227
612,T,251213,143218,59.0526762N,17.9990808E,27,97.6,226
613,T,251213,143219,59.0524944N,17.9987481E,27,97.7,226
614,T,251213,143220,59.0523209N,17.9983822E,27,98.1,227
615,T,251213,143221,59.0521488N,17.9980262E,27,97.9,227
616,T,251213,143222,59.0519847N,17.9976848E,27,97.2,227
617,T,251213,143223,59.0518238N,17.9973392E,28,96.4,228
618,T,251213,143224,59.0516699N,17.9969938E,28,95.5,228
619,T,251213,143225,59.0515151N,17.9966558E,28,95.1,228
620,T,251213,143226,59.0513685N,17.9963387E,28,93.8,228
621,T,251213,143227,59.0512270N,17.9960243E,29,92.4,228
622,T,251213,143228,59.0510857N,17.9957114E,30,91.6,227
623,T,251213,143229,59.0509423N,17.9953929E,30,91.4,229
624,T,251213,143230,59.0508036N,17.9950625E,31,91.4,229
625,T,251213,143231,59.0506626N,17.9947273E,31,91.3,229
626,T,251213,143232,59.0505181N,17.9943947E,32,91.3,228
627,T,251213,143233,59.0503726N,17.9940645E,32,91.1,229
628,T,251213,143234,59.0502253N,17.9937325E,33,91.1,229
629,T,251213,143235,59.0500924N,17.9933760E,31,90.7,230
630,T,251213,143236,59.0499479N,17.9930206E,30,90.5,231
631,T,251213,143237,59.0497970N,17.9926658E,31,90.3,231
632,T,251213,143247,59.0485420N,17.9893157E,35,87.5,235
633,T,251213,143248,59.0484373N,17.9889307E,35,86.3,236
634,T,251213,143249,59.0483298N,17.9885296E,34,86.1,236
635,T,251213,143250,59.0482313N,17.9880723E,32,86.6,236
636,T,251213,143251,59.0481197N,17.9876600E,31,87.7,236
637,T,251213,143252,59.0479935N,17.9872319E,31,90.1,237
638,T,251213,143253,59.0478689N,17.9868181E,31,92.0,238
639,T,251213,143254,59.0477465N,17.9864047E,31,92.9,238
640,T,251213,143255,59.0476257N,17.9859873E,31,93.5,239
641,T,251213,143256,59.0475022N,17.9855794E,31,94.0,239
642,T,251213,143257,59.0473778N,17.9851593E,31,95.0,239
643,T,251213,143258,59.0472488N,17.9847415E,31,96.3,238
644,T,251213,143259,59.0471181N,17.9843360E,31,97.4,238
645,T,251213,143300,59.0469918N,17.9839015E,30,98.1,239
646,T,251213,143301,59.0468589N,17.9834780E,30,99.2,239
647,T,251213,143302,59.0467272N,17.9830644E,31,99.6,239
648,T,251213,143303,59.0465922N,17.9826627E,32,99.8,239
649,T,251213,143304,59.0464544N,17.9822556E,32,99.8,238
650,T,251213,143305,59.0463176N,17.9818342E,32,100.1,237
651,T,251213,143306,59.0461740N,17.9814022E,33,100.5,237
652,T,251213,143307,59.0460275N,17.9809830E,33,101.4,235
653,T,251213,143308,59.0458915N,17.9805970E,32,101.4,235
654,T,251213,143309,59.0457336N,17.9801787E,33,102.0,234
655,T,251213,143310,59.0455701N,17.9797755E,33,103.1,233
656,T,251213,143311,59.0454094N,17.9793463E,34,103.8,232
657,T,251213,143312,59.0452423N,17.9789375E,34,103.1,232
658,T,251213,143313,59.0450841N,17.9785405E,34,100.9,232
659,T,251213,143314,59.0449126N,17.9781268E,35,100.0,232
660,T,251213,143315,59.0447392N,17.9777234E,36,100.3,231
661,T,251213,143316,59.0445694N,17.9773347E,37,100.1,230
662,T,251213,143317,59.0444035N,17.9769631E,39,99.2,230
663,T,251213,143318,59.0442374N,17.9765830E,39,99.2,229
664,T,251213,143319,59.0440740N,17.9762082E,39,99.4,229
665,T,251213,143320,59.0439062N,17.9758332E,39,99.8,228
666,T,251213,143321,59.0437306N,17.9754663E,40,100.3,228
667,T,251213,143322,59.0435506N,17.9750943E,41,100.9,228
668,T,251213,143323,59.0433686N,17.9747203E,43,101.4,227
669,T,251213,143324,59.0431919N,17.9743475E,43,102.0,226
670,T,251213,143327,59.0426503N,17.9732904E,43,102.4,224
671,T,251213,143328,59.0424674N,17.9729242E,43,102.9,222
672,T,251213,143329,59.0422828N,17.9725561E,41,102.9,224
673,T,251213,143330,59.0420998N,17.9721896E,40,103.1,224
674,T,251213,143331,59.0419106N,17.9718384E,41,103.1,223
675,T,251213,143332,59.0417219N,17.9714760E,41,103.3,223
676,T,251213,143338,59.0405877N,17.9694404E,38,103.3,222
677,T,251213,143339,59.0404034N,17.9690946E,37,102.6,223
678,T,251213,143340,59.0402307N,17.9687025E,38,102.2,224
679,T,251213,143341,59.0400471N,17.9683852E,39,102.2,224
680,T,251213,143342,59.0398628N,17.9680564E,40,102.0,224
681,T,251213,143343,59.0396794N,17.9677445E,40,101.6,224
682,T,251213,143344,59.0395001N,17.9674332E,40,101.1,224
683,T,251213,143345,59.0393213N,17.9671089E,40,100.3,224
684,T,251213,143346,59.0391464N,17.9667820E,39,99.4,223
685,T,251213,143347,59.0389701N,17.9664561E,39,99.0,223
686,T,251213,143348,59.0387884N,17.9661391E,39,99.2,223
687,T,251213,143349,59.0386074N,17.9658231E,39,99.0,222
688,T,251213,143350,59.0384209N,17.9655159E,39,99.0,221
689,T,251213,143351,59.0382283N,17.9652063E,39,99.0,221
690,T,251213,143352,59.0380376N,17.9648954E,39,99.0,221
691,T,251213,143353,59.0378454N,17.9645780E,39,99.2,221
692,T,251213,143354,59.0376553N,17.9642628E,38,99.2,221
693,T,251213,143355,59.0374646N,17.9639425E,38,99.6,220
694,T,251213,143356,59.0372678N,17.9636257E,38,99.6,220
695,T,251213,143357,59.0370613N,17.9633108E,39,101.1,218
696,T,251213,143358,59.0368593N,17.9630005E,39,102.0,217
697,T,251213,143359,59.0366531N,17.9627004E,40,102.6,217
698,T,251213,143400,59.0364400N,17.9624007E,41,102.7,217
699,T,251213,143401,59.0362355N,17.9621033E,41,102.6,217
700,T,251213,143402,59.0360312N,17.9618049E,42,102.6,217
701,T,251213,143403,59.0358256N,17.9615057E,42,104.2,217
702,T,251213,143404,59.0356240N,17.9612036E,43,104.6,217
703,T,251213,143405,59.0354131N,17.9608972E,43,104.4,217
704,T,251213,143406,59.0352135N,17.9606021E,42,104.2,216
705,T,251213,143407,59.0349912N,17.9602885E,42,105.1,215
706,T,251213,143408,59.0347714N,17.9599851E,42,106.1,215
707,T,251213,143409,59.0345491N,17.9596796E,42,106.3,215
708,T,251213,143410,59.0343275N,17.9593863E,42,107.6,215
709,T,251213,143411,59.0341066N,17.9590823E,42,108.5,215
710,T,251213,143412,59.0338859N,17.9587852E,42,108.3,214
711,T,251213,143413,59.0336635N,17.9585044E,42,108.3,213
712,T,251213,143414,59.0334453N,17.9582134E,43,108.7,213
713,T,251213,143415,59.0332232N,17.9579128E,44,108.3,212
714,T,251213,143416,59.0330014N,17.9576365E,44,107.9,212
715,T,251213,143417,59.0327708N,17.9573581E,44,106.8,212
716,T,251213,143418,59.0325478N,17.9570853E,44,106.8,210
717,T,251213,143419,59.0323138N,17.9568164E,44,107.4,211
718,T,251213,143420,59.0320786N,17.9565449E,44,107.2,210
719,T,251213,143421,59.0318456N,17.9562802E,45,106.6,210
720,T,251213,143422,59.0316151N,17.9560188E,45,106.1,210
721,T,251213,143423,59.0313889N,17.9557489E,45,105.9,210
722,T,251213,143424,59.0311625N,17.9554941E,45,105.1,209
723,T,251213,143425,59.0309369N,17.9552366E,45,104.8,210
724,T,251213,143426,59.0307132N,17.9549866E,46,104.0,210
725,T,251213,143427,59.0305033N,17.9547510E,45,103.1,209
726,T,251213,143428,59.0302827N,17.9545142E,45,102.4,208
727,T,251213,143429,59.0300706N,17.9542976E,45,101.8,207
728,T,251213,143430,59.0298475N,17.9540822E,45,101.4,206
729,T,251213,143431,59.0296243N,17.9538671E,45,100.5,205
730,T,251213,143432,59.0294066N,17.9536571E,45,99.0,206
731,T,251213,143433,59.0291947N,17.9534509E,45,97.6,206
732,T,251213,143434,59.0289832N,17.9532456E,44,97.0,206
733,T,251213,143435,59.0287650N,17.9530351E,44,96.3,205
734,T,251213,143436,59.0285511N,17.9528459E,46,94.6,206
735,T,251213,143437,59.0283396N,17.9526344E,44,94.0,207
736,T,251213,143438,59.0281403N,17.9524328E,43,94.2,207
737,T,251213,143439,59.0279356N,17.9522528E,44,93.1,205
738,T,251213,143440,59.0277209N,17.9520772E,45,92.2,203
739,T,251213,143442,59.0272977N,17.9517797E,46,90.7,202
740,T,251213,143443,59.0270892N,17.9516373E,46,90.3,202
741,T,251213,143444,59.0268760N,17.9514902E,46,90.3,202
742,T,251213,143445,59.0266581N,17.9513427E,47,90.1,202
743,T,251213,143446,59.0264501N,17.9511593E,46,90.7,201
744,T,251213,143447,59.0262479N,17.9510008E,46,90.1,200
745,T,251213,143448,59.0260429N,17.9508475E,46,89.8,200
746,T,251213,143449,59.0258086N,17.9506907E,45,90.7,199
747,T,251213,143450,59.0255866N,17.9505364E,44,91.4,197
748,T,251213,143451,59.0253643N,17.9504019E,43,91.8,197
749,T,251213,143452,59.0251417N,17.9502711E,43,92.6,197
750,T,251213,143453,59.0249156N,17.9501351E,43,93.5,197
751,T,251213,143454,59.0246846N,17.9499940E,43,94.2,197
752,T,251213,143455,59.0244535N,17.9498500E,43,95.0,197
753,T,251213,143456,59.0242208N,17.9497089E,43,95.7,197
754,T,251213,143457,59.0239856N,17.9495712E,43,95.7,196
755,T,251213,143458,59.0237559N,17.9494429E,43,95.9,196
756,T,251213,143459,59.0235260N,17.9493144E,43,96.3,195
757,T,251213,143500,59.0232957N,17.9491897E,43,96.8,195
758,T,251213,143501,59.0230618N,17.9490668E,43,97.2,194
759,T,251213,143502,59.0228239N,17.9489545E,43,97.2,193
760,T,251213,143503,59.0225774N,17.9488375E,42,97.2,193
761,T,251213,143504,59.0223410N,17.9487318E,42,97.0,193
762,T,251213,143505,59.0220979N,17.9486242E,42,97.4,193
763,T,251213,143506,59.0218530N,17.9485230E,42,97.6,192
764,T,251213,143507,59.0216019N,17.9484289E,43,97.4,192
765,T,251213,143508,59.0213565N,17.9483305E,43,97.2,192
766,T,251213,143509,59.0211215N,17.9482287E,43,97.0,191
767,T,251213,143510,59.0208945N,17.9481396E,44,96.6,191
768,T,251213,143511,59.0206644N,17.9480570E,44,96.1,190
769,T,251213,143512,59.0204390N,17.9479664E,44,95.7,191
770,T,251213,143513,59.0202153N,17.9478709E,44,95.9,190
771,T,251213,143514,59.0199929N,17.9477937E,44,96.1,190
772,T,251213,143515,59.0197635N,17.9477101E,45,95.3,191
773,T,251213,143516,59.0195161N,17.9476083E,45,95.3,191
774,T,251213,143517,59.0192742N,17.9475433E,45,95.3,188
775,T,251213,143518,59.0190358N,17.9474809E,45,95.0,187
776,T,251213,143519,59.0188038N,17.9474058E,45,94.6,188
777,T,251213,143520,59.0185667N,17.9473220E,46,94.4,188
778,T,251213,143521,59.0183233N,17.9472560E,46,95.1,189
779,T,251213,143522,59.0180768N,17.9472029E,47,95.5,188
780,T,251213,143523,59.0178399N,17.9471377E,47,95.9,189
781,T,251213,143524,59.0176038N,17.9470624E,47,96.1,189
782,T,251213,143525,59.0173676N,17.9469732E,48,95.9,189
783,T,251213,143526,59.0171307N,17.9468991E,48,96.6,189
784,T,251213,143527,59.0169097N,17.9467751E,47,96.3,191
785,T,251213,143528,59.0166805N,17.9466446E,47,95.1,191
786,T,251213,143529,59.0164397N,17.9465192E,46,95.1,191
787,T,251213,143530,59.0162113N,17.9464157E,46,95.5,192
788,T,251213,143531,59.0159754N,17.9463183E,46,95.3,191
789,T,251213,143532,59.0157470N,17.9462280E,46,95.7,192
790,T,251213,143533,59.0155090N,17.9461286E,46,96.1,192
791,T,251213,143534,59.0152753N,17.9460330E,46,96.4,193
792,T,251213,143535,59.0150449N,17.9459302E,46,96.6,193
793,T,251213,143536,59.0148141N,17.9458299E,46,96.3,192
794,T,251213,143537,59.0145885N,17.9457309E,46,96.3,193
795,T,251213,143538,59.0143533N,17.9456336E,46,96.6,192
796,T,251213,143539,59.0141181N,17.9455333E,46,96.4,193
797,T,251213,143540,59.0138767N,17.9454286E,46,96.6,192
798,T,251213,143541,59.0136445N,17.9453195E,45,96.4,193
799,T,251213,143542,59.0134097N,17.9452041E,45,96.8,193
800,T,251213,143543,59.0131586N,17.9451003E,45,97.6,194
801,T,251213,143544,59.0129156N,17.9449912E,45,97.6,194
802,T,251213,143545,59.0126659N,17.9448550E,45,98.5,194
803,T,251213,143546,59.0124270N,17.9447242E,45,98.5,194
804,T,251213,143547,59.0121910N,17.9445974E,45,98.3,195
805,T,251213,143548,59.0119402N,17.9444930E,45,98.7,196
806,T,251213,143549,59.0117186N,17.9443535E,45,98.5,196
807,T,251213,143550,59.0114930N,17.9442081E,45,99.0,196
808,T,251213,143551,59.0112590N,17.9440658E,45,100.3,196
809,T,251213,143552,59.0110158N,17.9439212E,45,100.7,198
810,T,251213,143553,59.0107707N,17.9437687E,45,101.1,198
811,T,251213,143554,59.0105278N,17.9436252E,45,101.4,198
812,T,251213,143555,59.0102827N,17.9434754E,45,102.2,198
813,T,251213,143556,59.0100450N,17.9433176E,45,102.2,199
814,T,251213,143557,59.0097948N,17.9431548E,45,102.7,199
815,T,251213,143558,59.0095444N,17.9429818E,44,103.3,199
816,T,251213,143559,59.0092960N,17.9428120E,44,103.7,199
817,T,251213,143600,59.0090458N,17.9426523E,43,103.7,200
818,T,251213,143601,59.0088040N,17.9424901E,43,103.3,199
819,T,251213,143602,59.0085622N,17.9423362E,43,102.4,199
820,T,251213,143603,59.0083259N,17.9421772E,42,101.6,199
821,T,251213,143604,59.0080854N,17.9420212E,42,101.3,198
822,T,251213,143605,59.0078411N,17.9418779E,42,101.1,198
823,T,251213,143606,59.0075931N,17.9417380E,42,100.9,196
824,T,251213,143607,59.0073478N,17.9416266E,42,100.3,195
825,T,251213,143608,59.0071061N,17.9415035E,42,100.5,194
826,T,251213,143609,59.0068585N,17.9413747E,41,100.7,194
827,T,251213,143610,59.0066174N,17.9412448E,41,100.7,193
828,T,251213,143611,59.0063748N,17.9411178E,41,101.1,194
829,T,251213,143612,59.0061329N,17.9409956E,41,101.3,193
830,T,251213,143613,59.0058929N,17.9408828E,41,101.1,192
831,T,251213,143614,59.0056520N,17.9407767E,41,101.1,192
832,T,251213,143615,59.0054085N,17.9406803E,41,101.3,191
833,T,251213,143616,59.0051587N,17.9405821E,41,101.8,191
834,T,251213,143617,59.0048993N,17.9404910E,41,102.7,192
835,T,251213,143618,59.0046626N,17.9403742E,41,102.6,193
836,T,251213,143619,59.0044182N,17.9402540E,41,102.6,193
837,T,251213,143620,59.0041773N,17.9401381E,41,101.6,193
838,T,251213,143621,59.0039402N,17.9400213E,41,101.4,194
839,T,251213,143622,59.0036991N,17.9398902E,40,101.8,194
840,T,251213,143623,59.0034586N,17.9397547E,40,102.2,195
841,T,251213,143624,59.0032086N,17.9396185E,40,102.4,196
842,T,251213,143625,59.0029695N,17.9394739E,40,102.4,197
843,T,251213,143626,59.0027209N,17.9393299E,40,102.2,198
844,T,251213,143627,59.0024778N,17.9391750E,40,102.0,198
845,T,251213,143628,59.0022341N,17.9390193E,39,102.4,200
846,T,251213,143629,59.0019913N,17.9388511E,39,102.6,200
847,T,251213,143630,59.0017483N,17.9386841E,39,102.4,201
848,T,251213,143631,59.0015056N,17.9385038E,39,102.6,202
849,T,251213,143632,59.0012699N,17.9383174E,38,102.7,203
850,T,251213,143633,59.0010318N,17.9381213E,38,102.9,203
851,T,251213,143634,59.0007908N,17.9379161E,39,102.7,205
852,T,251213,143635,59.0005563N,17.9377052E,39,102.6,206
853,T,251213,143636,59.0003265N,17.9374860E,39,102.4,206
854,T,251213,143637,59.0000991N,17.9372671E,39,102.0,207
855,T,251213,143638,58.9998829N,17.9370307E,39,102.2,209
856,T,251213,143639,58.9996554N,17.9367882E,39,102.2,209
857,T,251213,143640,58.9994238N,17.9365522E,39,102.7,209
858,T,251213,143641,58.9992038N,17.9363137E,39,102.6,210
859,T,251213,143642,58.9989918N,17.9360722E,39,102.2,210
860,T,251213,143643,58.9987763N,17.9358313E,39,102.2,210
861,T,251213,143644,58.9985635N,17.9355841E,39,102.2,210
862,T,251213,143645,58.9983472N,17.9353394E,39,101.6,210
863,T,251213,143646,58.9981355N,17.9350938E,38,100.9,210
864,T,251213,143647,58.9979194N,17.9348492E,38,100.0,211
865,T,251213,143648,58.9977103N,17.9346016E,38,99.0,210
866,T,251213,143649,58.9975091N,17.9343640E,39,98.1,211
867,T,251213,143650,58.9973018N,17.9341139E,39,97.4,210
868,T,251213,143651,58.9970943N,17.9338635E,39,97.2,211
869,T,251213,143652,58.9968891N,17.9336137E,38,96.8,210
870,T,251213,143653,58.9966744N,17.9333791E,38,96.8,210
871,T,251213,143654,58.9964630N,17.9331401E,38,96.3,210
872,T,251213,143655,58.9962520N,17.9329066E,38,95.5,209
873,T,251213,143656,58.9960405N,17.9326853E,39,95.3,209
874,T,251213,143657,58.9958357N,17.9324560E,38,95.3,208
875,T,251213,143658,58.9956297N,17.9322305E,38,95.3,209
876,T,251213,143659,58.9954209N,17.9320207E,37,95.5,208
877,T,251213,143700,58.9952088N,17.9318124E,37,95.7,207
878,T,251213,143701,58.9950015N,17.9315981E,37,95.7,207
879,T,251213,143702,58.9947942N,17.9314210E,36,95.0,205
880,T,251213,143703,58.9945852N,17.9312229E,35,94.8,205
881,T,251213,143704,58.9943754N,17.9310177E,35,95.3,205
882,T,251213,143705,58.9941604N,17.9308247E,35,95.3,205
883,T,251213,143706,58.9939556N,17.9306118E,35,94.6,205
884,T,251213,143707,58.9937565N,17.9303964E,35,93.5,205
885,T,251213,143708,58.9935507N,17.9301909E,35,92.7,206
886,T,251213,143709,58.9933446N,17.9300029E,35,92.6,206
887,T,251213,143710,58.9931364N,17.9298220E,35,92.0,205
888,T,251213,143711,58.9929319N,17.9296422E,35,91.1,204
889,T,251213,143712,58.9927241N,17.9294705E,35,90.7,205
890,T,251213,143713,58.9925179N,17.9292840E,36,90.3,204
891,T,251213,143714,58.9923105N,17.9290994E,36,90.1,205
892,T,251213,143715,58.9921038N,17.9289187E,36,90.1,204
893,T,251213,143716,58.9918950N,17.9287437E,37,90.3,205
894,T,251213,143717,58.9916919N,17.9285590E,37,90.5,205
895,T,251213,143718,58.9914858N,17.9283745E,37,90.7,205
896,T,251213,143719,58.9912840N,17.9281711E,37,90.7,206
897,T,251213,143720,58.9910809N,17.9279682E,37,90.9,206
898,T,251213,143721,58.9908821N,17.9277734E,37,91.3,207
899,T,251213,143722,58.9906836N,17.9275664E,37,91.1,207
900,T,251213,143723,58.9904879N,17.9273620E,37,90.7,207
901,T,251213,143724,58.9902907N,17.9271550E,37,91.1,207
902,T,251213,143725,58.9900915N,17.9269480E,37,90.7,209
903,T,251213,143726,58.9899001N,17.9267274E,37,90.3,210
904,T,251213,143727,58.9897142N,17.9264976E,37,90.0,211
905,T,251213,143728,58.9895281N,17.9262636E,36,89.8,212
906,T,251213,143729,58.9893457N,17.9260015E,36,89.6,213
907,T,251213,143730,58.9891625N,17.9257435E,36,88.8,216
908,T,251213,143731,58.9889833N,17.9254741E,36,88.7,216
909,T,251213,143732,58.9888010N,17.9252152E,36,89.0,216
910,T,251213,143733,58.9886198N,17.9249600E,36,88.7,217
911,T,251213,143734,58.9884346N,17.9246828E,36,89.0,217
912,T,251213,143735,58.9882583N,17.9244143E,35,89.0,218
913,T,251213,143736,58.9880881N,17.9241321E,35,88.7,219
914,T,251213,143737,58.9879183N,17.9238518E,35,88.8,218
915,T,251213,143738,58.9877542N,17.9236011E,35,87.5,219
916,T,251213,143739,58.9875948N,17.9233425E,35,86.4,220
917,T,251213,143740,58.9874371N,17.9230805E,35,86.1,221
918,T,251213,143741,58.9872831N,17.9228312E,36,86.4,220
919,T,251213,143742,58.9871274N,17.9225659E,36,86.6,220
920,T,251213,143743,58.9869664N,17.9222949E,36,87.0,220
921,T,251213,143744,58.9868042N,17.9220352E,36,87.0,219
922,T,251213,143745,58.9866402N,17.9217704E,36,87.0,219
923,T,251213,143746,58.9864782N,17.9215079E,36,86.8,219
924,T,251213,143747,58.9863145N,17.9212408E,36,86.6,218
925,T,251213,143748,58.9861450N,17.9209918E,36,86.6,217
926,T,251213,143749,58.9859702N,17.9207400E,36,86.8,215
927,T,251213,143750,58.9857854N,17.9204896E,36,86.6,215
928,T,251213,143751,58.9856036N,17.9202443E,36,87.0,213
929,T,251213,143752,58.9854184N,17.9200053E,36,87.0,212
930,T,251213,143753,58.9852362N,17.9197877E,35,86.6,210
931,T,251213,143754,58.9850454N,17.9195919E,35,86.6,210
932,T,251213,143755,58.9848570N,17.9193868E,35,86.4,209
933,T,251213,143756,58.9846676N,17.9191854E,35,86.3,209
934,T,251213,143757,58.9844820N,17.9189758E,35,86.1,208
935,T,251213,143758,58.9842911N,17.9187785E,35,86.6,206
936,T,251213,143759,58.9841002N,17.9185929E,35,86.4,206
937,T,251213,143800,58.9839047N,17.9184103E,35,86.6,207
938,T,251213,143801,58.9837131N,17.9182190E,35,86.6,207
939,T,251213,143802,58.9835207N,17.9180305E,35,86.6,205
940,T,251213,143803,58.9833216N,17.9178636E,35,86.3,206
941,T,251213,143804,58.9831280N,17.9176918E,35,85.9,207
942,T,251213,143805,58.9829417N,17.9175226E,35,85.7,206
943,T,251213,143806,58.9827520N,17.9173510E,35,85.7,205
944,T,251213,143807,58.9825464N,17.9171795E,35,86.8,204
945,T,251213,143808,58.9823404N,17.9170126E,35,87.4,205
946,T,251213,143809,58.9821405N,17.9168354E,35,87.7,205
947,T,251213,143810,58.9819444N,17.9166442E,35,87.7,205
948,T,251213,143811,58.9817379N,17.9164654E,35,88.8,204
949,T,251213,143812,58.9815417N,17.9162881E,35,88.8,205
950,T,251213,143813,58.9813455N,17.9161124E,35,88.7,204
951,T,251213,143814,58.9811452N,17.9159203E,34,88.8,204
952,T,251213,143815,58.9809359N,17.9157320E,34,89.6,204
953,T,251213,143816,58.9807366N,17.9155410E,34,89.6,205
954,T,251213,143817,58.9805305N,17.9153486E,33,89.4,205
955,T,251213,143818,58.9803247N,17.9151651E,33,89.2,205
956,T,251213,143819,58.9801139N,17.9149887E,33,89.4,205
957,T,251213,143820,58.9799038N,17.9148131E,33,89.0,204
958,T,251213,143821,58.9796934N,17.9146417E,33,89.4,204
959,T,251213,143822,58.9794951N,17.9144695E,33,88.8,203
960,T,251213,143823,58.9792947N,17.9143091E,33,88.7,202
961,T,251213,143824,58.9790866N,17.9141557E,33,89.4,202
962,T,251213,143825,58.9788769N,17.9139976E,33,90.1,201
963,T,251213,143826,58.9786654N,17.9138464E,33,90.5,200
964,T,251213,143827,58.9784545N,17.9136791E,33,90.5,200
965,T,251213,143828,58.9782569N,17.9135316E,32,90.1,199
966,T,251213,143829,58.9780551N,17.9133905E,32,90.0,199
967,T,251213,143830,58.9778473N,17.9132527E,32,90.0,199
968,T,251213,143831,58.9776275N,17.9131190E,31,89.6,197
969,T,251213,143832,58.9774171N,17.9129962E,31,89.8,197
970,T,251213,143833,58.9772009N,17.9128612E,31,89.6,195
971,T,251213,143834,58.9769742N,17.9127409E,31,90.5,196
972,T,251213,143835,58.9767696N,17.9126149E,31,90.3,196
973,T,251213,143836,58.9765599N,17.9124896E,31,90.5,196
974,T,251213,143837,58.9763529N,17.9123629E,31,90.1,196
975,T,251213,143838,58.9761556N,17.9122329E,31,90.0,196
976,T,251213,143839,58.9759480N,17.9121108E,31,90.1,196
977,T,251213,143840,58.9757300N,17.9119938E,31,90.3,196
978,T,251213,143841,58.9755094N,17.9118757E,31,90.3,196
979,T,251213,143842,58.9752920N,17.9117554E,31,90.7,196
980,T,251213,143843,58.9750705N,17.9116331E,31,90.9,196
981,T,251213,143844,58.9748494N,17.9115111E,31,90.9,195
982,T,251213,143845,58.9746354N,17.9114087E,31,90.9,196
983,T,251213,143846,58.9744263N,17.9112675E,31,91.1,196
984,T,251213,143847,58.9742059N,17.9111307E,31,91.3,196
985,T,251213,143848,58.9739894N,17.9110138E,31,91.4,196
986,T,251213,143849,58.9737603N,17.9108841E,31,91.8,196
987,T,251213,143850,58.9735382N,17.9107569E,31,91.8,196
988,T,251213,143851,58.9733178N,17.9106296E,31,92.0,196
989,T,251213,143852,58.9730899N,17.9105066E,30,92.2,196
990,T,251213,143853,58.9728641N,17.9103847E,30,92.2,196
991,T,251213,143854,58.9726415N,17.9102622E,30,92.2,196
992,T,251213,143855,58.9724268N,17.9101450E,30,92.2,196
993,T,251213,143856,58.9722098N,17.9100193E,30,92.0,196
994,T,251213,143857,58.9719959N,17.9099011E,30,90.9,196
995,T,251213,143858,58.9717808N,17.9097754E,30,90.0,197
996,T,251213,143859,58.9715597N,17.9096534E,30,89.8,195
997,T,251213,143900,58.9713317N,17.9095411E,30,90.3,196
998,T,251213,143901,58.9711046N,17.9094229E,30,90.3,196
999,T,251213,143902,58.9708750N,17.9092870E,30,90.3,196
1000,T,251213,143903,58.9706361N,17.9091687E,30,90.0,196
1001,T,251213,143904,58.9704058N,17.9090559E,30,90.0,196
1002,T,251213,143905,58.9701857N,17.9089356E,30,90.7,196
1003,T,251213,143906,58.9699697N,17.9088188E,30,90.3,196
1004,T,251213,143907,58.9697582N,17.9086982E,30,89.6,196
1005,T,251213,143908,58.9695471N,17.9085795E,30,89.8,195
1006,T,251213,143909,58.9693342N,17.9084653E,30,89.8,196
1007,T,251213,143910,58.9691176N,17.9083491E,30,90.0,195
1008,T,251213,143911,58.9689004N,17.9082350E,30,90.1,194
1009,T,251213,143912,58.9686801N,17.9081265E,30,90.3,194
1010,T,251213,143913,58.9684699N,17.9080009E,30,89.6,193
1011,T,251213,143914,58.9682425N,17.9078972E,30,90.0,193
1012,T,251213,143915,58.9680109N,17.9078067E,29,91.1,193
1013,T,251213,143916,58.9677810N,17.9077121E,29,92.0,193
1014,T,251213,143917,58.9675799N,17.9076260E,29,91.8,192
1015,T,251213,143918,58.9673601N,17.9075471E,29,91.8,191
1016,T,251213,143919,58.9671393N,17.9074515E,29,91.8,191
1017,T,251213,143920,58.9669250N,17.9073472E,29,91.6,191
1018,T,251213,143921,58.9667043N,17.9072403E,29,91.4,190
1019,T,251213,143922,58.9664793N,17.9071564E,29,91.1,190
1020,T,251213,143923,58.9662567N,17.9070782E,28,90.9,189
1021,T,251213,143924,58.9660364N,17.9070050E,28,90.1,189
1022,T,251213,143925,58.9658244N,17.9069303E,28,89.8,188
1023,T,251213,143926,58.9656037N,17.9068779E,28,89.8,188
1024,T,251213,143927,58.9653805N,17.9068083E,28,89.4,189
1025,T,251213,143928,58.9651595N,17.9067378E,28,88.8,189
1026,T,251213,143929,58.9649420N,17.9066708E,28,88.7,189
1027,T,251213,143930,58.9647314N,17.9065924E,28,88.7,190
1028,T,251213,143931,58.9645150N,17.9065212E,28,89.0,189
1029,T,251213,143932,58.9642964N,17.9064480E,28,89.2,190
1030,T,251213,143933,58.9640783N,17.9063743E,28,89.2,190
1031,T,251213,143934,58.9638602N,17.9063020E,28,89.0,189
1032,T,251213,143935,58.9636433N,17.9062273E,28,89.0,189
1033,T,251213,143936,58.9634299N,17.9061546E,28,89.0,190
1034,T,251213,143937,58.9632145N,17.9060850E,28,89.2,191
1035,T,251213,143938,58.9629986N,17.9060103E,28,89.0,190
1036,T,251213,143939,58.9627833N,17.9059184E,28,89.4,191
1037,T,251213,143940,58.9625653N,17.9058263E,28,90.0,190
1038,T,251213,143941,58.9623466N,17.9057396E,28,90.1,192
1039,T,251213,143942,58.9621372N,17.9056540E,28,87.7,192
1040,T,251213,143943,58.9619159N,17.9055480E,28,88.3,193
1041,T,251213,143944,58.9616954N,17.9054192E,28,87.9,194
1042,T,251213,143945,58.9614822N,17.9053157E,29,88.1,194
1043,T,251213,143946,58.9612736N,17.9052001E,29,87.9,194
1044,T,251213,143947,58.9610611N,17.9050940E,29,87.7,194
1045,T,251213,143948,58.9608482N,17.9049837E,29,87.2,195
1046,T,251213,143949,58.9606475N,17.9048601E,29,86.8,195
1047,T,251213,143950,58.9604370N,17.9047454E,29,86.6,196
1048,T,251213,143951,58.9602310N,17.9046223E,29,87.5,196
1049,T,251213,143952,58.9600121N,17.9045056E,29,87.7,197
1050,T,251213,143953,58.9598013N,17.9043812E,29,87.9,197
1051,T,251213,143954,58.9595835N,17.9042563E,29,89.2,197
1052,T,251213,143955,58.9593622N,17.9041264E,29,89.4,198
1053,T,251213,143956,58.9591516N,17.9039919E,29,88.7,198
1054,T,251213,143957,58.9589364N,17.9038555E,29,88.8,198
1055,T,251213,143958,58.9587143N,17.9037249E,29,89.4,198
1056,T,251213,143959,58.9585034N,17.9035840E,29,90.0,198
1057,T,251213,144000,58.9582867N,17.9034450E,29,90.3,199
1058,T,251213,144001,58.9580709N,17.9033030E,29,90.7,198
1059,T,251213,144002,58.9578481N,17.9031640E,29,91.6,199
1060,T,251213,144003,58.9576205N,17.9030227E,29,92.6,198
1061,T,251213,144004,58.9573904N,17.9028817E,29,92.9,199
1062,T,251213,144005,58.9571603N,17.9027339E,29,93.7,199
1063,T,251213,144006,58.9569426N,17.9025778E,29,93.7,199
1064,T,251213,144007,58.9567248N,17.9024232E,29,93.3,199
1065,T,251213,144008,58.9564955N,17.9022747E,29,94.6,199
1066,T,251213,144009,58.9562608N,17.9021291E,29,95.1,199
1067,T,251213,144010,58.9560296N,17.9019764E,29,96.1,199
1068,T,251213,144011,58.9557942N,17.9018063E,29,97.2,198
1069,T,251213,144012,58.9555622N,17.9016580E,29,97.6,198
1070,T,251213,144013,58.9553343N,17.9015159E,29,97.0,199
1071,T,251213,144014,58.9551022N,17.9013663E,29,96.6,198
1072,T,251213,144015,58.9548817N,17.9012215E,29,96.1,197
1073,T,251213,144016,58.9546639N,17.9010775E,28,96.3,196
1074,T,251213,144017,58.9544473N,17.9009395E,28,96.4,194
1075,T,251213,144018,58.9542161N,17.9008510E,28,96.6,191
1076,T,251213,144019,58.9539980N,17.9007787E,28,95.7,190
1077,T,251213,144020,58.9537835N,17.9007080E,28,94.2,188
1078,T,251213,144021,58.9535665N,17.9006471E,28,93.3,187
1079,T,251213,144022,58.9533345N,17.9005895E,28,92.4,185
1080,T,251213,144023,58.9531100N,17.9005451E,28,91.8,184
1081,T,251213,144024,58.9528862N,17.9005184E,28,92.0,181
1082,T,251213,144025,58.9526554N,17.9005135E,28,91.8,178
1083,T,251213,144026,58.9524271N,17.9005215E,28,91.4,178
1084,T,251213,144027,58.9522025N,17.9005345E,28,90.5,177
1085,T,251213,144028,58.9519830N,17.9005485E,28,89.6,174
1086,T,251213,144029,58.9517581N,17.9005873E,28,89.4,174
1087,T,251213,144030,58.9515397N,17.9006322E,28,87.9,172
1088,T,251213,144031,58.9513264N,17.9006793E,28,86.6,170
1089,T,251213,144032,58.9511069N,17.9007602E,28,85.5,168
1090,T,251213,144033,58.9508932N,17.9008421E,27,85.1,166
1091,T,251213,144034,58.9506860N,17.9009488E,27,83.8,163
1092,T,251213,144035,58.9504845N,17.9010775E,27,82.5,161
1093,T,251213,144036,58.9502897N,17.9012120E,27,81.4,160
1094,T,251213,144037,58.9501000N,17.9013561E,27,80.5,157
1095,T,251213,144038,58.9499043N,17.9015164E,27,81.3,156
1096,T,251213,144039,58.9497170N,17.9016934E,27,81.1,153
1097,T,251213,144040,58.9495370N,17.9018834E,28,80.5,151
1098,T,251213,144041,58.9493663N,17.9020886E,28,79.6,147
1099,T,251213,144042,58.9491918N,17.9023058E,28,80.0,147
1100,T,251213,144043,58.9490196N,17.9025239E,27,80.1,144
1101,T,251213,144044,58.9488428N,17.9027563E,27,81.1,145
1102,T,251213,144045,58.9486440N,17.9029803E,26,82.9,144
1103,T,251213,144046,58.9484689N,17.9032356E,26,83.3,140
1104,T,251213,144047,58.9482902N,17.9035124E,27,84.2,142
1105,T,251213,144048,58.9481208N,17.9037401E,27,85.0,140
1106,T,251213,144049,58.9479349N,17.9039937E,27,85.5,137
1107,T,251213,144050,58.9477676N,17.9042859E,27,86.6,138
1108,T,251213,144051,58.9475781N,17.9045641E,27,87.7,138
1109,T,251213,144052,58.9473946N,17.9048240E,27,88.1,137
1110,T,251213,144053,58.9472051N,17.9050885E,27,88.1,135
1111,T,251213,144054,58.9470217N,17.9054071E,27,88.3,135
1112,T,251213,144055,58.9468494N,17.9057246E,27,88.1,134
1113,T,251213,144056,58.9466890N,17.9060380E,27,87.5,134
1114,T,251213,144057,58.9465396N,17.9063543E,27,87.0,135
1115,T,251213,144058,58.9463983N,17.9066644E,27,86.3,134
1116,T,251213,144059,58.9462639N,17.9069709E,27,85.1,133
1117,T,251213,144100,58.9461233N,17.9072560E,26,83.7,133
1118,T,251213,144101,58.9459794N,17.9075456E,27,82.7,133
1119,T,251213,144102,58.9458415N,17.9078299E,27,81.8,133
1120,T,251213,144103,58.9457039N,17.9081072E,27,81.3,133
1121,T,251213,144104,58.9455728N,17.9083882E,27,80.7,133
1122,T,251213,144105,58.9454375N,17.9086706E,27,80.1,133
1123,T,251213,144106,58.9453167N,17.9089343E,27,79.6,133
1124,T,251213,144107,58.9451777N,17.9091904E,27,79.4,134
1125,T,251213,144108,58.9450440N,17.9094563E,27,79.0,135
1126,T,251213,144109,58.9449189N,17.9097313E,26,78.5,136
1127,T,251213,144110,58.9448131N,17.9100004E,25,75.9,130
1128,T,251213,144111,58.9446811N,17.9102756E,26,75.1,136
1129,T,251213,144112,58.9445588N,17.9105215E,25,74.4,136
1130,T,251213,144113,58.9444235N,17.9107695E,25,73.7,137
1131,T,251213,144114,58.9442890N,17.9109928E,25,72.0,138
1132,T,251213,144115,58.9441703N,17.9111843E,25,70.0,136
1133,T,251213,144116,58.9440486N,17.9114058E,25,67.5,138
1134,T,251213,144117,58.9438802N,17.9115806E,25,66.1,144
1135,T,251213,144118,58.9437395N,17.9117405E,25,63.3,142
1136,T,251213,144119,58.9436123N,17.9119158E,25,60.5,145
1137,T,251213,144120,58.9435036N,17.9120328E,25,58.3,149
1138,T,251213,144121,58.9433817N,17.9121229E,25,55.7,151
1139,T,251213,144122,58.9432618N,17.9122260E,25,54.0,156
1140,T,251213,144123,58.9431753N,17.9122999E,25,50.1,153
1141,T,251213,144124,58.9431145N,17.9123851E,25,45.5,149
1142,T,251213,144125,58.9430522N,17.9124896E,25,41.6,146
1143,T,251213,144126,58.9430079N,17.9125788E,25,37.4,143
1144,T,251213,144127,58.9429775N,17.9126617E,26,32.2,144
1145,T,251213,144128,58.9429427N,17.9127277E,26,27.4,143
1146,T,251213,144129,58.9429137N,17.9127889E,26,23.7,154
1147,T,251213,144130,58.9428707N,17.9128226E,26,24.4,182
1148,T,251213,144131,58.9428205N,17.9128289E,23,23.3,191
1149,T,251213,144132,58.9427701N,17.9128047E,23,23.5,196
1150,T,251213,144133,58.9426878N,17.9127962E,24,24.8,191
1151,T,251213,144134,58.9426124N,17.9127732E,24,26.1,187
1152,T,251213,144135,58.9425439N,17.9127553E,24,28.1,186
1153,T,251213,144136,58.9424811N,17.9127372E,24,29.8,186
1154,T,251213,144137,58.9424111N,17.9127272E,24,30.0,185
1155,T,251213,144138,58.9423413N,17.9127126E,24,29.6,186
1156,T,251213,144139,58.9422768N,17.9126932E,25,28.7,187
1157,T,251213,144140,58.9422141N,17.9126625E,25,27.7,190
1158,T,251213,144141,58.9421558N,17.9126286E,25,27.5,195
1159,T,251213,144142,58.9420974N,17.9125819E,25,27.0,202
1160,T,251213,144143,58.9420192N,17.9125027E,25,28.1,208
1161,T,251213,144144,58.9420044N,17.9124346E,24,26.4,217
1162,T,251213,144145,58.9419660N,17.9123638E,24,25.7,222
1163,T,251213,144146,58.9419283N,17.9122850E,23,25.5,217
1164,T,251213,144147,58.9418869N,17.9121941E,23,25.9,221
1165,T,251213,144148,58.9418421N,17.9120967E,23,26.8,224
1166,T,251213,144149,58.9417999N,17.9120053E,23,26.1,222
1167,T,251213,144150,58.9417489N,17.9119284E,22,25.5,211
1168,T,251213,144151,58.9417009N,17.9118567E,22,25.1,205
1169,T,251213,144152,58.9416396N,17.9117969E,22,25.7,195
1170,T,251213,144153,58.9415636N,17.9117640E,21,27.4,182
1171,T,251213,144154,58.9414724N,17.9117686E,21,30.0,171
1172,T,251213,144155,58.9413735N,17.9118006E,21,31.4,164
1173,T,251213,144156,58.9413024N,17.9118560E,21,30.9,149
1174,T,251213,144157,58.9412322N,17.9119257E,21,30.0,146
1175,T,251213,144158,58.9411484N,17.9120126E,20,30.7,147
1176,T,251213,144159,58.9410672N,17.9121077E,20,30.9,148
1177,T,251213,144200,58.9409853N,17.9121878E,20,31.6,147
1178,T,251213,144201,58.9408996N,17.9122774E,20,32.2,149
1179,T,251213,144202,58.9407944N,17.9123780E,19,32.7,147
1180,T,251213,144203,58.9406973N,17.9124825E,19,34.0,148
1181,T,251213,144204,58.9406150N,17.9125595E,19,35.1,151
1182,T,251213,144205,58.9405282N,17.9126461E,19,36.1,149
1183,T,251213,144206,58.9404320N,17.9127429E,19,37.2,149
1184,T,251213,144207,58.9403321N,17.9128450E,18,39.0,150
1185,T,251213,144208,58.9402282N,17.9129467E,19,40.7,151
1186,T,251213,144209,58.9401235N,17.9130413E,19,42.0,151
1187,T,251213,144210,58.9400331N,17.9131358E,19,41.8,152
1188,T,251213,144211,58.9399496N,17.9132317E,19,40.3,148
1189,T,251213,144212,58.9398684N,17.9133347E,19,39.2,146
1190,T,251213,144213,58.9397922N,17.9134308E,19,38.8,145
1191,T,251213,144214,58.9397159N,17.9135348E,19,39.2,147
1192,T,251213,144215,58.9396282N,17.9136465E,19,40.1,148
1193,T,251213,144216,58.9395365N,17.9137636E,19,41.4,148
1194,T,251213,144217,58.9394359N,17.9138832E,19,42.7,150
1195,T,251213,144218,58.9393260N,17.9140003E,19,44.2,151
1196,T,251213,144219,58.9392130N,17.9141163E,19,45.7,151
1197,T,251213,144220,58.9390975N,17.9142321E,19,47.0,152
1198,T,251213,144221,58.9389863N,17.9143463E,18,47.9,149
1199,T,251213,144222,58.9388686N,17.9144638E,19,49.0,154
1200,T,251213,144223,58.9387524N,17.9145740E,19,49.8,151
1201,T,251213,144224,58.9386253N,17.9146872E,18,51.3,152
1202,T,251213,144225,58.9384995N,17.9148186E,18,52.4,153
1203,T,251213,144226,58.9383699N,17.9149529E,18,53.3,152
1204,T,251213,144227,58.9382475N,17.9150905E,19,53.3,152
1205,T,251213,144228,58.9381245N,17.9152235E,19,53.5,153
1206,T,251213,144229,58.9380291N,17.9153501E,19,52.9,152
1207,T,251213,144230,58.9379136N,17.9154685E,19,52.7,152
1208,T,251213,144231,58.9377980N,17.9155870E,19,52.4,152
1209,T,251213,144232,58.9376399N,17.9156929E,19,53.1,158
1210,T,251213,144233,58.9375463N,17.9157763E,18,53.8,157
1211,T,251213,144234,58.9374279N,17.9158855E,18,54.0,158
1212,T,251213,144235,58.9372892N,17.9159812E,19,55.7,158
1213,T,251213,144236,58.9371294N,17.9160892E,19,57.4,159
1214,T,251213,144237,58.9370048N,17.9161931E,18,57.9,160
1215,T,251213,144238,58.9368784N,17.9162808E,17,57.5,157
1216,T,251213,144239,58.9367597N,17.9163756E,16,56.8,158
1217,T,251213,144240,58.9366312N,17.9164730E,15,56.4,157
1218,T,251213,144241,58.9364933N,17.9165769E,14,56.4,159
1219,T,251213,144242,58.9363527N,17.9166694E,13,56.3,157
1220,T,251213,144243,58.9362113N,17.9167660E,13,56.1,158
1221,T,251213,144244,58.9360772N,17.9168642E,12,56.1,158
1222,T,251213,144245,58.9359279N,17.9169569E,11,56.3,158
1223,T,251213,144246,58.9357947N,17.9170584E,11,56.8,161
1224,T,251213,144247,58.9356583N,17.9171484E,11,57.0,160
1225,T,251213,144248,58.9355218N,17.9172384E,11,57.2,160
1226,T,251213,144249,58.9353854N,17.9173284E,11,57.4,161
1227,T,251213,144250,58.9352490N,17.9174184E,11,57.4,161
1228,T,251213,144251,58.9351127N,17.9175084E,11,57.5,161
1229,T,251213,144252,58.9350214N,17.9176328E,16,56.6,151
1230,T,251213,144253,58.9348984N,17.9177569E,16,56.1,154
1231,T,251213,144254,58.9346395N,17.9178444E,15,59.4,169
1232,T,251213,144255,58.9344950N,17.9179488E,13,61.3,157
1233,T,251213,144256,58.9343481N,17.9180668E,13,61.8,158
1234,T,251213,144257,58.9342012N,17.9181848E,13,62.4,158
1235,T,251213,144338,58.9289232N,17.9211299E,-8,57.0,183
1236,T,251213,144339,58.9288021N,17.9211264E,-11,54.6,183
1237,T,251213,144340,58.9286690N,17.9211134E,-12,53.8,183
1238,T,251213,144341,58.9285413N,17.9210987E,-12,53.3,183
1239,T,251213,144342,58.9284149N,17.9210888E,-14,53.5,183
1240,T,251213,144343,58.9282951N,17.9210841E,-18,53.5,183
1241,T,251213,144344,58.9281675N,17.9210696E,-17,52.9,183
1242,T,251213,144345,58.9280326N,17.9210398E,-16,53.5,184
1243,T,251213,144346,58.9279013N,17.9210011E,-13,53.7,184
1244,T,251213,144347,58.9277708N,17.9209773E,-12,54.2,183
1245,T,251213,144348,58.9276530N,17.9209691E,-15,54.2,184
1246,T,251213,144349,58.9275287N,17.9209575E,-17,53.8,184
1247,T,251213,144350,58.9273903N,17.9209371E,-16,54.2,184
1248,T,251213,144351,58.9272584N,17.9209165E,-15,53.3,184
1249,T,251213,144352,58.9271214N,17.9208959E,-14,52.7,184
1250,T,251213,144353,58.9269862N,17.9208748E,-14,52.7,183
1251,T,251213,144354,58.9268572N,17.9208545E,-13,52.2,184
1252,T,251213,144355,58.9267195N,17.9208395E,-13,52.0,184
1253,T,251213,144356,58.9265787N,17.9208217E,-12,52.4,184
1254,T,251213,144357,58.9264421N,17.9208003E,-11,52.4,184
1255,T,251213,144358,58.9263075N,17.9207775E,-10,52.2,184
1256,T,251213,144359,58.9261757N,17.9207546E,-8,51.8,183
1257,T,251213,144400,58.9260436N,17.9207315E,-7,52.4,183
1258,T,251213,144401,58.9259071N,17.9207102E,-6,52.9,183
1259,T,251213,144402,58.9257708N,17.9206908E,-4,53.7,183
1260,T,251213,144403,58.9256336N,17.9206749E,-3,53.7,182
1261,T,251213,144404,58.9255003N,17.9206632E,-3,54.0,181
1262,T,251213,144405,58.9253664N,17.9206566E,-1,54.6,179
1263,T,251213,144406,58.9252370N,17.9206625E,0,53.5,178
1264,T,251213,144407,58.9251083N,17.9206695E,1,51.8,177
1265,T,251213,144408,58.9249846N,17.9206794E,2,50.5,175
1266,T,251213,144409,58.9248656N,17.9206981E,3,48.5,175
1267,T,251213,144410,58.9247531N,17.9207221E,4,46.8,174
1268,T,251213,144411,58.9246397N,17.9207462E,4,45.9,173
1269,T,251213,144412,58.9245411N,17.9207592E,5,44.4,174
1270,T,251213,144413,58.9244406N,17.9207805E,4,42.9,173
1271,T,251213,144414,58.9243381N,17.9208027E,4,42.2,173
1272,T,251213,144415,58.9242357N,17.9208250E,4,41.6,173
1273,T,251213,144416,58.9241333N,17.9208471E,4,41.4,173
1274,T,251213,144417,58.9239890N,17.9209325E,5,43.5,166
1275,T,251213,144418,58.9238773N,17.9209835E,5,44.0,168
1276,T,251213,144419,58.9237650N,17.9210915E,6,43.7,168
1277,T,251213,144420,58.9236882N,17.9211589E,6,41.2,166
1278,T,251213,144421,58.9236116N,17.9212051E,7,39.0,163
1279,T,251213,144422,58.9235281N,17.9212815E,7,37.5,164
1280,T,251213,144423,58.9234435N,17.9213365E,8,35.9,158
1281,T,251213,144424,58.9233593N,17.9213954E,7,35.0,151
1282,T,251213,144425,58.9232795N,17.9214805E,8,34.8,154
1283,T,251213,144426,58.9231657N,17.9215682E,10,35.0,150
1284,T,251213,144427,58.9230743N,17.9216548E,12,35.0,147
1285,T,251213,144428,58.9229815N,17.9217550E,13,35.3,153
1286,T,251213,144429,58.9229012N,17.9218333E,13,35.5,152
1287,T,251213,144430,58.9227811N,17.9218982E,11,36.4,160
1288,T,251213,144431,58.9226704N,17.9219480E,11,37.4,161
1289,T,251213,144432,58.9225515N,17.9220201E,12,37.7,156
1290,T,251213,144433,58.9224637N,17.9220958E,12,37.9,156
1291,T,251213,144434,58.9222686N,17.9221742E,12,40.9,172
1292,T,251213,144435,58.9221279N,17.9222185E,12,43.8,168
1293,T,251213,144436,58.9219981N,17.9222917E,12,45.5,166
1294,T,251213,144437,58.9218747N,17.9223740E,10,46.4,161
1295,T,251213,144438,58.9217385N,17.9224511E,10,48.1,172
1296,T,251213,144439,58.9216104N,17.9224747E,10,49.8,171
1297,T,251213,144440,58.9214788N,17.9225175E,14,50.9,171
1298,T,251213,144441,58.9213411N,17.9225629E,18,51.8,168
1299,T,251213,144442,58.9212161N,17.9226347E,19,52.4,167
1300,T,251213,144443,58.9210778N,17.9227018E,23,53.1,167
1301,T,251213,144444,58.9209783N,17.9227948E,25,51.6,163
1302,T,251213,144445,58.9208709N,17.9228929E,25,49.6,161
1303,T,251213,144446,58.9207487N,17.9230047E,32,47.5,159
1304,T,251213,144447,58.9206341N,17.9230694E,35,45.3,151
1305,T,251213,144448,58.9204686N,17.9232997E,36,46.4,141
1306,T,251213,144449,58.9203573N,17.9235225E,31,46.6,141
1307,T,251213,144450,58.9202553N,17.9237394E,27,46.8,140
1308,T,251213,144451,58.9201501N,17.9239253E,26,48.5,144
1309,T,251213,144452,58.9200781N,17.9240964E,25,48.7,128
1310,T,251213,144453,58.9200118N,17.9242606E,23,49.0,129
1311,T,251213,144454,58.9199638N,17.9244397E,22,49.4,131
1312,T,251213,144455,58.9198856N,17.9246741E,16,51.6,131
1313,T,251213,144456,58.9198223N,17.9248908E,11,52.4,133
1314,T,251213,144457,58.9197490N,17.9250801E,8,52.7,126
1315,T,251213,144458,58.9196767N,17.9252604E,9,52.5,135
1316,T,251213,144459,58.9195842N,17.9254397E,9,52.4,133
1317,T,251213,144501,58.9193810N,17.9259783E,5,55.3,121
1318,T,251213,144502,58.9193091N,17.9262471E,7,55.3,121
1319,T,251213,144504,58.9191333N,17.9267178E,1,55.5,126
1320,T,251213,144505,58.9190649N,17.9269710E,0,55.5,118
1321,T,251213,144506,58.9190098N,17.9272242E,0,55.1,116
1322,T,251213,144507,58.9189530N,17.9274685E,0,54.8,114
1323,T,251213,144515,58.9185377N,17.9294459E,21,54.4,109
1324,T,251213,144516,58.9185161N,17.9296945E,23,53.5,106
1325,T,251213,144516,58.9185161N,17.9296945E,23,53.5,106
1326,T,251213,144518,58.9184873N,17.9302093E,23,52.4,101
1327,T,251213,144519,58.9184952N,17.9304764E,24,52.0,100
1328,T,251213,144520,58.9184716N,17.9307205E,24,51.8,101
1329,T,251213,144521,58.9184480N,17.9309645E,24,51.6,101
1330,T,251213,144522,58.9184683N,17.9312003E,24,50.7,94
1331,T,251213,144523,58.9184887N,17.9314454E,24,49.8,89
1332,T,251213,144524,58.9184889N,17.9316778E,24,49.2,91
1333,T,251213,144525,58.9184890N,17.9319101E,24,48.8,90
1334,T,251213,144526,58.9185949N,17.9321883E,25,47.7,75
1335,T,251213,144527,58.9186215N,17.9324003E,25,46.8,80
1336,T,251213,144528,58.9186481N,17.9326122E,25,46.3,78
1337,T,251213,144529,58.9187103N,17.9328268E,24,45.0,79
1338,T,251213,144531,58.9187579N,17.9332048E,22,41.6,83
1339,T,251213,144532,58.9187655N,17.9333902E,22,40.7,84
1340,T,251213,144533,58.9188499N,17.9335378E,24,39.4,69
1341,T,251213,144535,58.9188488N,17.9338285E,30,36.4,77
1342,T,251213,144536,58.9188623N,17.9339842E,30,35.3,84
1343,T,251213,144537,58.9188755N,17.9341332E,31,34.2,80
1344,T,251213,144538,58.9188647N,17.9342701E,36,33.1,70
1345,T,251213,144543,58.9189378N,17.9349187E,44,26.6,79
1346,T,251213,144544,58.9189610N,17.9350425E,45,25.3,90
1347,T,251213,144545,58.9189517N,17.9351625E,46,24.4,101
1348,T,251213,144546,58.9189409N,17.9352679E,46,23.7,96
1349,T,251213,144547,58.9189102N,17.9352960E,64,22.7,75
1350,T,251213,144548,58.9189261N,17.9353873E,64,22.7,95
1351,T,251213,144549,58.9189047N,17.9354646E,64,22.7,121
1352,T,251213,144550,58.9188693N,17.9355584E,63,24.2,92
1353,T,251213,144551,58.9188518N,17.9356929E,62,26.8,125
1354,T,251213,144552,58.9188101N,17.9358072E,62,26.8,119
1355,T,251213,144553,58.9187932N,17.9359377E,60,29.2,117
1356,T,251213,144554,58.9187843N,17.9361355E,59,30.1,112
1357,T,251213,144557,58.9187957N,17.9366775E,42,30.1,113
1358,T,251213,144600,58.9186935N,17.9371140E,35,30.7,122
1359,T,251213,144601,58.9186583N,17.9372309E,33,30.1,135
1360,T,251213,144604,58.9185245N,17.9376231E,39,28.8,119
1361,T,251213,144606,58.9184069N,17.9377609E,38,28.8,136
1362,T,251213,144607,58.9183493N,17.9378513E,38,29.4,146
1363,T,251213,144608,58.9182798N,17.9379217E,39,29.2,144
1364,T,251213,144609,58.9181865N,17.9380115E,32,31.1,161
1365,T,251213,144610,58.9180941N,17.9380618E,35,31.1,147
1366,T,251213,144611,58.9180190N,17.9381496E,33,30.9,149
1367,T,251213,144612,58.9179443N,17.9382284E,31,30.7,148
1368,T,251213,144613,58.9178737N,17.9383155E,30,30.5,147
1369,T,251213,144614,58.9178022N,17.9384073E,29,30.7,146
1370,T,251213,144615,58.9177353N,17.9384969E,29,30.7,143
1371,T,251213,144616,58.9176821N,17.9385813E,29,30.3,135
1372,T,251213,144617,58.9176179N,17.9386860E,30,30.5,145
1373,T,251213,144618,58.9175544N,17.9387698E,30,30.5,144
1374,T,251213,144619,58.9175115N,17.9388934E,30,29.6,125
1375,T,251213,144620,58.9174859N,17.9390268E,29,28.7,114
1376,T,251213,144707,58.9150573N,17.9436491E,39,27.7,118
1377,T,251213,144708,58.9150251N,17.9437389E,41,26.8,109
1378,T,251213,144709,58.9150279N,17.9438390E,43,25.3,96
1379,T,251213,144710,58.9150356N,17.9439285E,44,23.7,81
1380,T,251213,144711,58.9150429N,17.9440244E,44,22.5,88
1381,T,251213,144712,58.9150488N,17.9441288E,43,21.8,67
1382,T,251213,144713,58.9150643N,17.9442234E,42,21.1,64
1383,T,251213,144714,58.9150806N,17.9443007E,42,20.3,64
1384,T,251213,144715,58.9151049N,17.9443846E,42,20.0,41
1385,T,251213,144716,58.9150707N,17.9444352E,41,17.2,65
1386,T,251213,144717,58.9150592N,17.9444802E,39,14.4,72
1387,T,251213,144718,58.9150547N,17.9444876E,41,11.8,64
1388,T,251213,144719,58.9150606N,17.9445128E,41,10.0,65
1389,T,251213,144726,58.9149702N,17.9444739E,44,1.4,65
1390,T,251213,144735,58.9149702N,17.9444739E,36,1.6,65
1391,T,251213,144736,58.9148987N,17.9444608E,36,6.6,180
1392,T,251213,144737,58.9148544N,17.9444470E,37,10.0,183
1393,T,251213,144738,58.9147993N,17.9444314E,38,11.4,189
1394,T,251213,144739,58.9147577N,17.9444273E,34,11.2,199
1395,T,251213,144740,58.9146902N,17.9444432E,23,12.9,212
1396,T,251213,144741,58.9146466N,17.9444335E,15,12.7,217
1397,T,251213,144742,58.9146198N,17.9444090E,12,12.5,209
1398,T,251213,144743,58.9145953N,17.9443678E,12,12.5,232
1399,T,251213,144744,58.9145658N,17.9442925E,13,13.7,240
1400,T,251213,144745,58.9145438N,17.9442006E,13,15.3,254
1401,T,251213,144746,58.9145314N,17.9441123E,14,16.6,261
1402,T,251213,144747,58.9145345N,17.9440413E,14,16.2,279
1403,T,251213,144748,58.9145430N,17.9439617E,15,17.0,292
1404,T,251213,144749,58.9145578N,17.9438773E,15,17.4,291
1405,T,251213,144750,58.9145721N,17.9437997E,15,17.0,292
1406,T,251213,144751,58.9145829N,17.9437294E,15,16.2,289
1407,T,251213,144752,58.9145895N,17.9436610E,14,15.5,285
1408,T,251213,144753,58.9145851N,17.9435991E,14,14.6,274
1409,T,251213,144754,58.9145809N,17.9435421E,13,13.3,273
1410,T,251213,144755,58.9145832N,17.9434814E,13,12.7,277
1411,T,251213,144756,58.9145697N,17.9434709E,9,11.6,297
1412,T,251213,144757,58.9145718N,17.9434202E,9,10.5,290
1413,T,251213,144758,58.9145685N,17.9433764E,10,9.6,301
1414,T,251213,144759,58.9145710N,17.9433370E,10,8.7,324
1415,T,251213,144800,58.9145689N,17.9433090E,11,7.9,357
1416,T,251213,144801,58.9145679N,17.9432978E,13,7.9,357
1417,T,251213,144802,58.9145742N,17.9432944E,13,7.9,2
1418,T,251213,144803,58.9145832N,17.9432846E,14,7.9,3
1419,T,251213,144804,58.9145953N,17.9432791E,16,7.4,3
1420,T,251213,144805,58.9146064N,17.9432767E,16,6.4,4
1421,T,251213,144806,58.9146201N,17.9432791E,16,5.5,5
1422,T,251213,144807,58.9146281N,17.9432802E,16,2.7,5
1423,T,251213,144808,58.9146370N,17.9432830E,16,3.5,8
1424,T,251213,144809,58.9146485N,17.9432897E,16,2.2,8
1425,T,251213,144810,58.9146544N,17.9432969E,15,1.4,8
1426,T,251213,144830,58.9145673N,17.9433712E,27,2.0,8
1427,T,251213,144831,58.9145591N,17.9433754E,27,3.3,336
1428,T,251213,144832,58.9145690N,17.9433624E,27,4.6,317
1429,T,251213,144833,58.9145803N,17.9433417E,27,5.5,314
1430,T,251213,144834,58.9145914N,17.9433201E,27,5.5,317
1431,T,251213,144835,58.9145995N,17.9433016E,26,3.1,315
1432,T,251213,144836,58.9146039N,17.9432870E,26,1.1,315
1433,T,251213,144837,58.9146049N,17.9432848E,26,1.2,315
1434,T,251213,144845,58.9146049N,17.9432848E,28,1.8,315
1435,T,251213,144846,58.9146137N,17.9432538E,28,1.8,315
